-- MySQL dump 10.13  Distrib 5.6.30, for Linux (x86_64)
--
-- Host: localhost    Database: pis
-- ------------------------------------------------------
-- Server version	5.6.30

/*!40101 SET @OLD_CHARACTER_SET_CLIENT=@@CHARACTER_SET_CLIENT */;
/*!40101 SET @OLD_CHARACTER_SET_RESULTS=@@CHARACTER_SET_RESULTS */;
/*!40101 SET @OLD_COLLATION_CONNECTION=@@COLLATION_CONNECTION */;
/*!40101 SET NAMES utf8 */;
/*!40103 SET @OLD_TIME_ZONE=@@TIME_ZONE */;
/*!40103 SET TIME_ZONE='+00:00' */;
/*!40014 SET @OLD_UNIQUE_CHECKS=@@UNIQUE_CHECKS, UNIQUE_CHECKS=0 */;
/*!40014 SET @OLD_FOREIGN_KEY_CHECKS=@@FOREIGN_KEY_CHECKS, FOREIGN_KEY_CHECKS=0 */;
/*!40101 SET @OLD_SQL_MODE=@@SQL_MODE, SQL_MODE='NO_AUTO_VALUE_ON_ZERO' */;
/*!40111 SET @OLD_SQL_NOTES=@@SQL_NOTES, SQL_NOTES=0 */;

--
-- Table structure for table `track_device`
--

DROP TABLE IF EXISTS `track_device`;
/*!40101 SET @saved_cs_client     = @@character_set_client */;
/*!40101 SET character_set_client = utf8 */;
CREATE TABLE `track_device` (
  `id` int(11) NOT NULL AUTO_INCREMENT,
  `sn` char(32) NOT NULL COMMENT '单据编号',
  `device_type` char(16) NOT NULL DEFAULT '' COMMENT '设备类型',
  `device_name` char(128) NOT NULL DEFAULT '' COMMENT '设备名称',
  `device_model` char(128) NOT NULL DEFAULT '' COMMENT '设备型号',
  `device_sn` char(128) NOT NULL DEFAULT '' COMMENT '设备编号',
  `device_amount` char(32) NOT NULL DEFAULT '' COMMENT '设备数量',
  `owner_inc` char(64) NOT NULL DEFAULT '' COMMENT '业主公司',
  `owner_contact` varchar(256) NOT NULL DEFAULT '' COMMENT '(业主公司)联系人及电话',
  `work_order` char(128) NOT NULL DEFAULT '' COMMENT '工令号',
  `setup_address` char(128) NOT NULL DEFAULT '' COMMENT '安装地址',
  `use_person_contact` varchar(256) NOT NULL DEFAULT '' COMMENT '(使用人)联系人及电话',
  `company_principle` char(128) NOT NULL DEFAULT '' COMMENT '公司负责人',
  `insite_time` char(64) NOT NULL DEFAULT '' COMMENT '进场时间',
  `start_time` char(64) NOT NULL DEFAULT '' COMMENT '动工时间',
  `use_time` char(64) NOT NULL DEFAULT '' COMMENT '使用时间',
  `accept_time` char(64) NOT NULL DEFAULT '' COMMENT '验收时间',
  PRIMARY KEY (`id`),
  UNIQUE KEY `uk_device_type_device_sn` (`device_type`,`device_sn`)
) ENGINE=InnoDB AUTO_INCREMENT=201 DEFAULT CHARSET=utf8mb4;
/*!40101 SET character_set_client = @saved_cs_client */;

--
-- Dumping data for table `track_device`
--

LOCK TABLES `track_device` WRITE;
/*!40000 ALTER TABLE `track_device` DISABLE KEYS */;
INSERT INTO `track_device` VALUES (3,'','搅拌站','混凝土搅拌站','HZS240','88#','1台','中铁九局集团有限公司路桥分公司','','1G2016-402','赣州工业一路北二十一局项目部','','王邦恒  13296607362','','','',''),(6,'','搅拌站','HZS180混凝土搅拌站','HZS180','89#','1','中铁四局集团第二工程有限公司','','1G2016-403','山东济南（石济客专）','','刘春魁','','','16.5.18','16.5.18（罗大强）'),(8,'','起重设备','双梁桥式起重机','QD16/3.2-25.5-9','106#-113#','8台','中铁九局路桥分公司','叶彪  13840277067','1G2016-400','赣州工业一路北二十一局项目部','叶彪  13840277067','王邦恒13296607362','16年4月27','16年4月下旬','16.5.28全部',''),(10,'','起重设备','单梁门式起重机','MG16-40-9','114#、115#','2台','中铁九局集团有限公司路桥分公司','叶彪  13840277067','1G2016-401','赣州工业一路北二十一局项目部','','王邦恒','16.5.15','','','16.8.8'),(11,'','起重设备','100T双梁门式起重机','MG100/16t-40m-15m','116#-119#','4台','中铁十局集团有限公司第四工程公司','张傅  18653486662','1G2016-405','陕西延安青化砭镇梁村乡   十局四公司延安梁场','','田城钢13638601210','16.5.2','16.5.6','',''),(12,'','盾构设备','114#盾构维修改造','葛洲坝-日立','114#','1台','葛洲坝集团','','盾构1G2015-354刀盘1G2016-395','','','','','','',''),(13,'','盾构设备','教学盾构机','教学机-6240','103#','1台','四川建筑学院','','','四川建筑学院 体育馆','','','','','',''),(14,'','盾构设备','盾体制造','','123#','1套','','','','','','','','','',''),(17,'','搅拌站','混凝土搅拌站','HZS180','65#、66#','2套','中铁九局集团有限公司北京分公司','','1G2015-377','大张铁路','','沈辉','','','','2016.4.16'),(19,'','搅拌站','榆次HZS120搅拌站（1台）','HZS120','90#','1台','中铁六局集团太原铁路建设有限公司','','1G2016-412','榆次','','余文华','','','','2016.5.11'),(20,'','盾构设备','盾构机制造装配','9.86mTBM','99#','1台','设计院','','1G2015-295','','','高汉凯','','','','2016.4.14'),(21,'','搅拌站','HZS120混凝土搅拌站','2HZS120','97#、98#','2台','七局郑州公司（1#站）','','1G2016-417','河南三门峡灵宝磨里村','','周刊','','','16.6.3',''),(22,'','搅拌站','HZS120混凝土搅拌站','HZS120','93、94、95、96#','4台','七局五公司','','1G2016-416','河南三门峡大王镇','','刘春魁','','','93、94（6.3）',''),(24,'','搅拌站','混泥土搅拌站','HZS180','91#、92#','2','中铁七局集团三公司','','1G2016-424','禹州市小吕乡加油站旁','','罗南祥','2016年4月16号','2016年4月20号','2016年5月15号','2016.5.28'),(25,'','搅拌站','HZS180混凝土搅拌站','HZS180','101#、102#','2台','中铁七局集团第三工程有限公司','','1G2016-424','平顶山 郏县','王先振  15039309203','万慧祥','2016.5.8','','2016.5.19','16.6.11'),(26,'','搅拌站','HZS180混凝土搅拌站','HZS180','104#、105#','2台','中铁七局第二工程有限公司','','1G2016-429','许昌禹州','','张运','','','',''),(28,'','搅拌站','混凝土搅拌站','HZS180','111#-118#','8台','隧道集团四处集采中心','','1G2016-438','云南、玉溪玉磨铁路03标杨（2#站、3#站）','','严涛','6.9日3#站货到全','','2#站16.6.11（4条线）','7.15、8.8、'),(30,'','搅拌站','混凝土搅拌站','HZS120','63#、64#','2台','九局杭州公司','','1G2015-373','大同阳高县大张铁路','','沈辉','','','','2016-3-20'),(32,'','搅拌站','混凝土搅拌站','HZS180','69#、70#','2台','中铁九局集团第七工程有限公司','','1G2015-379','大同阳高县大张铁路','','沈辉','','','16.2.17',''),(34,'','搅拌站','HZS180混凝土搅拌站2套','180','67#、68#','2','中铁六局集团天津铁路建设有限公司','','1G2015-378','','','余文华','','','',''),(35,'','搅拌站','HZS120混凝土搅拌站(2套)','120','71#、72#','2','中铁七局集团武汉工程有限公司（汉十铁路）','','1G2015-387','','','汪文俊','','','',''),(36,'','搅拌站','HZS120混凝土搅拌站(2套)','120','73#、74#','2','中铁隧道股份有限公司','','1G2015-389','','','罗大强','','','','2016.6.7（韦国桐）'),(37,'','搅拌站','HZS150搅拌站','150','75#、76#','2','中铁丰桥桥梁有限公司','','1G2015-391','','','','','','',''),(38,'','搅拌站','HZS180混凝土搅拌站(2套)','180','83#、84#','2台','中铁港航局集团第二工程有限公司','','1G2016-396','湖北襄阳汉十铁路','','罗大强','16.1.16','16.1.18','','16-5-27（韦囯桐）'),(39,'','搅拌站','HZS180混凝土搅拌站(2套)','180','85#、86#','2','中铁六局集团广州工程有限公司','','1G2016-399','','','余文华','','','',''),(40,'','搅拌站','HZS180混凝土搅拌站(2套)','180','81#、82#','2','中铁六局集团天津铁路建设有限公司','','1G2016-394','揭阳','','余文华','','','','16.8.6'),(42,'','搅拌站','HZS180混凝土搅拌站(2套)','180','99#、100#','2','七局郑州公司','','1G2016-417','','','周刊','','','',''),(43,'','搅拌站','混凝土搅拌站','HZS35K','103#','1台','中铁一局集团有限公司西安地铁四号线TJSG-11标项目经理部','','1G2016-428','','','','','','','16-5-20'),(44,'','搅拌站','HZS120混凝土搅拌站(2套)（106-107#）','120','106#、107#','2','中铁九局成都分公司','','1G2016-430','','','','','','',''),(46,'','搅拌站','HZS120混凝土搅拌站','120','108#','1','中铁航空港集团第一工程公司','','1G2016-432','','','','','','',''),(47,'','搅拌站','HZS180混凝土搅拌站','180','109#、110#','2台','中铁航空港集团第一工程公司','单总   18791536303','1G2016-437','成都德昌县 麻栗镇','','罗大强','16.5.23','16.5.25','',''),(48,'132','盾构设备','盾体制造','','132','1','中铁装备','','1G2016-423','','','','','','',''),(49,'133','盾构设备','盾体制造','','133','1','中铁装备','','1G2016-425','','','','','','',''),(50,'134','盾构设备','盾体制造','','134','1','中铁装备','','1G2016-425','','','','','','',''),(51,'131','起重设备','地铁口门吊','MG45t/16t-26m','131#','1台','中铁四局五公司','','1G2016-442','南宁','','熊枭建','16.6.1','','',''),(52,'','搅拌站','HZS120混凝土搅拌站(2套)','120','119#、120#','2台','中铁十局集团第一工程有限公司','','1G2016-440','','','','','','',''),(53,'','搅拌站','HZS90混凝土搅拌站（2套）','90','121#、122#','2','中铁十局集团第一工程有限公司','','1G2016-440','','','','','','',''),(54,'','搅拌站','HZS120混凝土搅拌站','120','123-126#','4','中铁八局集团昆明铁路建设有限公司','','1G2016-445','','','','','','',''),(55,'','搅拌站','玉墨铁路120混凝土搅拌站','120','127-129#','3台','中铁六局集团路桥建设有限公司','','1G2016-446','云南省玉溪市研和镇秀溪村（双站）/峨山县双江镇登云村（单站）','18837266576  郭令贺','','','','',''),(56,'126#','盾构设备','盾体','','126#','1','济南重工','','','','','','','','','2016.5.10'),(57,'115','盾构设备','盾构机盾体','','115#','1','中铁装备','','','','','','','','','2016.5.12'),(62,'','搅拌站','福建南平2-HZS90搅拌站','2-HZS90','56#、57#','2台','中铁六局集团有限公司桥遂分公司','','1G2015-358','福建南平政和','','罗大强','','15-9-12','','15-12-26'),(64,'','起重设备','MG45/16t门式起重机2台','MG45/16t','83#、84#','2','中铁上海局工程局集团有限公司城市轨道交通工程分公司','','1G2015-270','','','','','','',''),(65,'','起重设备','MG16t门式起重机2台','MG16t','85#、86#','2','中铁上海局工程局集团有限公司城市轨道交通工程分公司','','1G2015-270','','','','','','',''),(66,'','起重设备','MG45/16t门式起重机及翻渣机构','MG45/16t','87#','1','中铁上海局工程局集团有限公司城市轨道交通工程分公司','','1G2015-281','','','张涛/马良','','','',''),(67,'','起重设备','MG45/16T龙式门吊','MG45/16T','88#、89#','2','中交第一公路工程局有限公司武汉市轨道交通七号线第十三标段项目经理部','','1G2015-283','','','种占发（88#）马良、万慧祥（89#）','','','','88#2015-11-19（1台）89#2016-1-6（1台）'),(68,'','起重设备','50T门式起重机','50T','90#','1','湖北省路桥集体有限公司','','1G2015-293','','','种占发','','','','2015/10/26'),(69,'','起重设备','MG45/15t-26.9型门式起重机','MG45/15t-26.9','91#','1','中铁九局集团第四工程有限公司','','1G2015-316','','','马良','','','','2015/11/5'),(70,'','起重设备','MG型通用门式起重机（20/10T）','MG20/10T','92#、93#、94#','3','中铁科工集团有限公司','','1G2015-320','','','','','','',''),(71,'','起重设备','MG45/16t-12.3/25.9m门吊','MG45/16t-12.3/25.9m','95#、96#','2','中铁四局集团城市轨道交通工程分公司','','1G2015-327','','','祝飞（95#）96#熊枭健','','','','95#16.2.29(熊枭健）  96#16.3.10(熊枭健）'),(72,'','起重设备','16T门式起重机','16T','97#、98#','2','中水水利水电第四工程局有限公司','','1G2015-335','','','97#  夏风    98#  曹启桥','','','','97#2015-12-24（1台）  98#2015-3-16（1台）'),(73,'','起重设备','45T门式起重机','45T','99#、100#','2','中铁港航局集团有限公司城轨分公司','','1G2015-346','','','吴斌（万慧祥）','','','',''),(74,'','起重设备','MG45/16T龙式门吊','MG45/16T','101#、102#','2','中铁四局第五工程有限公司','','1G2015-364','武汉岳家嘴','','熊枭健/杨占省','16-4-26/7-12','16-4-28/7-12','16-5-11/8-10','16-5-13/8-22'),(75,'','起重设备','MG50、16T门式起重机','MG50、16T','104#、105#','2','武汉康奥斯机电装备有限公司','','1G2015-388','','','','','','',''),(76,'','起重设备','MG100/16t-40m-15m,101T双梁门式起重机（济南）','MG100/16t-40m-15m,101T','120#-121#','2','中铁十局集团有限公司第四工程公司','','1G2016-406','','','万慧祥、熊枭健','','','','2016.3.25'),(77,'','起重设备','MG45 门式起重机','MG45 /16t-16.5-31.5m','122#','1台','中铁四局集团第五工程有限公司盾构分公司','','1G2016-407','','','','','','',''),(78,'','起重设备','MG80/10t型门式起重机','MG80/10t','123#','1','秦始皇优益安装服务有限公司','','1G2016-413','','','','','','',''),(79,'','起重设备','MG45/16T龙门式起重机','MG45/16T','124#','1台','中铁上海局工程局集团有限公司城市轨道交通工程分公司','','1G2016-419','','','','','','',''),(80,'','起重设备','MG16T龙门式起重机','MG16T','125#','1台','中铁上海局工程局集团有限公司城市轨道交通工程分公司','','1G2016-419','长沙','','','','','',''),(81,'','起重设备','门式起重机（长沙）','MDG16t-28m-10/15m','126#','1台','五局机电公司长沙分公司','李徽先  15036197650收货','1G2016-420','','','','','','',''),(82,'','搅拌站','HZS90混凝土搅拌站','HZS90','15-18#','4','中铁八局集团第一工程有限公司','','1G2015-298','','','','','','',''),(83,'','搅拌站','HZS60、HZS90混凝土搅拌站','HZS60、HZS90','1-2#','2','中铁丰桥桥梁有限公司','','1G2014-255','','','','','','',''),(84,'','搅拌站','混凝土搅拌站（HZS120)','HZS120','3#','1','中铁十局集团有限公司','','1G2014-257','','','','','','',''),(85,'','搅拌站','混凝土搅拌站（HZS120)2套','HZS120','4-5#','2','中铁九局集团第七工程有限公司','','1G2014-258','','','','','','',''),(86,'','搅拌站','混凝土搅拌站（HZS120)1套','HZS120','6#','1','中铁九局集团第七工程有限公司','','1G2014-259','','','','','','',''),(87,'','搅拌站','混凝土搅拌站（HZS120)2套；混凝土搅拌站（HZS90)1套','HZS120 / HZS90','3-5#','3','中铁九局集团第一工程有限公司','','1G2014-261','','','','','','',''),(89,'','搅拌站','HZS240混凝土搅拌站','HZS240','7#','1','中铁九局集团有限公司桥梁分公司','','1G2015-271','','','','','','',''),(90,'','搅拌站','HZS120混凝土搅拌站','HZS120','8#','2','中铁六局集团有限公司桥遂分公司','','1G2015-272','','','','','','',''),(91,'','搅拌站','HZS120混凝土搅拌站','HZS120','9-10#','2','中铁十局集团济南铁路工程有限公司','','1G2015-277','','','','','','',''),(92,'','搅拌站','HZS180混凝土搅拌站','HZS180','11#','1','中铁四局集团第二工程有限公司','','1G2015-279','','','','','','',''),(93,'','搅拌站','HZS120混凝土搅拌站','HZS120','12#','1','中铁六局集团太原铁路建设有限公司','','1G2015-288','','','','','','',''),(94,'','搅拌站','HZS180混凝土搅拌站','HZS180','13#','1','中铁五局集团机电有限责任公司长沙分公司','','1G2015-291','','','','','','',''),(95,'','搅拌站','HZS90混凝土搅拌站','HZS90','14#','1','中铁航空港集团第二工程有限公司','','1G2015-292','','','','','','',''),(96,'','搅拌站','HZS120混凝土搅拌站','HZS120','19-20#','2','中铁四局集团第一工程有限公司','','1G2015-299','','','','','','',''),(97,'','搅拌站','HZS60混凝土搅拌站','HZS60','21#','1','中铁丰桥桥梁有限公司','','1G2015-319','','','','','','',''),(98,'','搅拌站','HZS90混凝土搅拌站','HZS90','22#-23#','2','中铁八局集团第三工程有限公司','','1G2015-323','','','','','','',''),(99,'','搅拌站','HZS120混凝土搅拌站','HZS120','24#-25#','2','中铁六局集团北京铁路建设有限公司','','1G2015-333','','','','','','',''),(100,'','搅拌站','HZS120混凝土搅拌站','HZS120','26#-27#','2','中铁六局集团太原铁路建设有限公司','','1G2015-334','','','','','','',''),(101,'','搅拌站','HZS120混凝土搅拌站(1套)','HZS120','28#','1','中铁航空港集团第一工程有限公司','','1G2015-336','','','','','','',''),(102,'','搅拌站','HZS120混凝土搅拌站(2套)','HZS120','29#-30#','2','中铁航空港集团第二工程有限公司','','1G2015-337','','','','','','',''),(103,'','搅拌站','HZNJ120混凝土搅拌站(1套)','HZNJ120','31#','1','中铁一局集团城市轨道交通工程有限公司','','1G2015-340','','','','','','',''),(104,'','搅拌站','HZS90、HZS120混凝土搅拌站(各2套，共4套)','HZS90、HZS120','32#-35#','4','中铁港航局集团有限公司桥梁分公司','','1G2015-343','','','','','','',''),(105,'','搅拌站','HZS180、HZS120混凝土搅拌站（2-1共3套）','HZS180、HZS120','36#-38#','3','中铁十局集团济南铁路工程有限公司','','1G2015-344','','','','','','',''),(106,'','搅拌站','HZS120混凝土搅拌站','HZS120','39#','1','中铁十局集团西北工程有限公司','','1G2015-345','','','','','','',''),(107,'','搅拌站','HZS120混凝土搅拌站（2套）','HZS120','40#-41#','2','中铁六局集团太原铁路建设有限公司','','1G2015-348','','','','','','',''),(108,'','搅拌站','HZS120混凝土搅拌站（2套）','HZS120','42#-43#','2','中铁六局集团北京铁路建设有限公司','','1G2015-349','','','','','','','2016.6.6（陈青林）'),(109,'','搅拌站','HZS120混凝土搅拌站（4套）','HZS120','44#-47#','4','中铁十局集团有限公司第四工程公司','','1G2015-352','','','','','','',''),(110,'','搅拌站','HZS120混凝土搅拌站（4套）','HZS120','48#-51#','4','中铁十局集团有限公司第八工程公司','','1G2015-353','','','','','','',''),(111,'','搅拌站','HZS90混凝土搅拌站（4套）','HZS90','52#-55#','4','中铁二局第三工程有限公司','','1G2015-355','','','','','','',''),(112,'','搅拌站','福建南平2-HZS90搅拌站','2-HZS90','56#-57#','2','中铁六局集团有限公司桥遂分公司','','1G2015-358','','','','','','',''),(113,'','搅拌站','福建2-HZS120搅拌站','2-HZS120','58#-59#','2','中铁六局集团北京铁路建设有限公司','','1G2015-359','','','','','','',''),(114,'','搅拌站','大桥局六公司1-180HS搅拌站','1-180HS','60#','1','中铁大桥局集团第六工程有限公司','','1G2015-360','','','','','','',''),(115,'','搅拌站','HZS90混泥土搅拌站','HZS90','61#、62#','2','中铁十局集团有限公司第六工程公司','','1G2015-367','','','','','','',''),(116,'','搅拌站','HZS180、HZS120混凝土搅拌站各1套','HZS180、HZS120','63#-64#','2','中铁九局集团有限公司杭州分公司','','1G2015-373','','','','','','',''),(119,'118#','盾构设备','118#盾体','装备255#','118#','1','中铁装备','','1G2015-366','','','','','','',''),(120,'','起重设备','180轮轨式搬运机','180','15-16年轮轨式搬运机','1台','中铁工程机械研究设计院有限公司','','1G2015-385','','','','','','',''),(121,'','起重设备','180轮胎式搬运机','180','15-16年轮胎式搬运机','1台','中铁工程机械研究设计院有限公司','','1G2015-385','（哈尔滨）业主负责安装','','','','','',''),(122,'','起重设备','25T门式起重机','25T','132#','1台','武汉市市政建设集团有限公司隧道工程公司','','1G2016-450','武汉市雄楚大道关山中学','18086669982  王','杨占省','16..8.15','16.8.17','16.8.23','16.9.22'),(123,'','起重设备','中铁五局MGZ16t','MGZ16t','133#','1台','中铁五局集团机电有限责任公司长沙分公司','','1G2016-444','','','','','','',''),(124,'','起重设备','16T电动葫芦门吊','16T电动葫芦门吊','127#','1台','中铁一局6号线10标','','1G2016-439','','','','','','',''),(125,'','起重设备','三局四公司16T门机','16T门机','128#','1台','中铁三局集团第三工程有限公司','','1G2016-441','','','','','','',''),(126,'','起重设备','三局四公司20T门吊','20T门吊','129#、130#','2台','中铁三局集团第三工程有限公司','','1G2016-441','','','','','','',''),(127,'','盾构设备','S638盾构机刀盘制造','S638刀盘','131#刀盘','1套','上海山河建设工程有限公司','','1G2016-404','','','','','','',''),(128,'','盾构设备','盾构扩径','原产装备','上海局2台盾构扩径','2台','上海局','','','','','','','','',''),(129,'104#','盾构设备','门式起重机','MG45','104','1','武汉康奥斯机电装备有限公司','','1G2015-388','','','','','','',''),(130,'136#','盾构设备','盾构机','','136','1','中铁工程机械研究设计院有限公司','','1G2016-443','','','','','','',''),(131,'137#','盾构设备','盾构机','','137','1','中铁工程机械研究设计院有限公司','','1G2016-443','','','','','','',''),(133,'','搅拌站','HZS120混凝土搅拌站','HZS120','130、131#','2台','中铁上海局第六工程有限公司','','1G2016-459','西双版纳傣族自治州景洪市普文镇玉磨铁路14标','15691191001杨卫华','','','','',''),(134,'','盾构设备','ZTKG6450','盾构调试','138#、139#','2台','中铁机械装备研究设计院','','1G2016-461','厂内试制','','','','','',''),(135,'','盾构设备','盾构机维修改造','','142#','1台','七局武汉公司轨道交通6#线','','1G2016-468','','','','','','',''),(136,'','起重设备','地铁口门吊','MG50/16T','134#、135#','2台','中铁四局集团第四工程有限公司','','1G2016-466','南京市渌口机场旁中铁四局工地','雷荡  15856996051','','','','',''),(137,'','盾构设备','盾构维修改造','','110#','1台','七局三公司','王旭波','','','','','','','',''),(138,'140、141','盾构设备','140#、141#盾构','CREC6410E-0770','','2套','中铁装备','','1G2016-462','呼和浩特','','','','','',''),(139,'138','盾构设备','盾构机','ф6450','138','1','成都院','','1G2016-461','','','','','','',''),(140,'139','盾构设备','盾构机','ф6450','139','1','成都院','','1G2016-461','','','','','','',''),(141,'140','盾构设备','盾构机','ф6410','140','1','中铁装备','','1G2016-462','','','','','','',''),(142,'141','盾构设备','盾构机','ф6410','141','1','中铁装备','','1G2016-462','','','','','','',''),(143,'','盾构设备','盾构机主驱动检测，整机调试','海瑞克','143','1','中铁十一局集团城市轨道工程有限公司盾构管理中心','杨','1G2016-471','','','','','','',''),(144,'','盾构设备','盾构机调试','中铁建重工（041）','144#','1台','中铁十一局集团城市轨道工程有限公司盾构管理中心','杨凯 18627124669','1G2016-471','','','','','','',''),(145,'','搅拌站','搅拌站','HZS90（2台）HZS60','132、133，134（60））','3台','中铁二局二公司','','','浙江台州市仙居县横溪镇','','罗大强','2016年7月24日','2016年7月24日','',''),(147,'','搅拌站','HZS90型搅拌站','HZS90','145、146（二局二公司台州）','2台','中铁二局第二工程有限公司物设部','','1G2016-492','浙江台州仙居县','','罗大强','','','',''),(148,'','搅拌站','搅拌站HZS120*2','HZS120','135、136-新疆阿勒泰','2台','中铁十局集团第一工程有限公司','','1G2016-474','新疆阿勒泰','','何传勇','','','',''),(149,'','搅拌站','云南楚雄高速HZS120搅拌站','HZS120','137、138-楚雄高速','2台','中铁六局集团路桥建设有限公司','','1G2016-482','楚雄市子午镇李家村','','','','','',''),(150,'','搅拌站','HZS120混凝土搅拌站','HZS120','139#','1台','中铁一局集团新运工程有限公司','','1G2016-486','云南雄楚元谋县平田乡','','','','','',''),(151,'','搅拌站','郑埠铁路HZS180搅拌站','HZS180','140、141#-鄢陵县','2台','中铁航空港集团第三工程有限公司','','1G2016-487','鄢陵县','','','','','',''),(152,'','搅拌站','郑埠铁路HZS180搅拌站','HZS180','142、143#-扶沟县','2台','中铁航空港集团第三工程有限公司','','1G2016-487','扶沟县','','','','','',''),(153,'','搅拌站','云南楚雄高速HZS120搅拌站','HZS120','144#','1台','中铁八局集团昆明铁路建设有限公司','','1G2016-488','','','','','','',''),(154,'','起重设备','MG45/16t门吊','MG45/16t-19.3/26.9m','139、140、141#昆明','3台','中铁九局集团第四工程有限公司','','IG2016-480','昆明地铁','','田城钢','','2016.8.18','',''),(155,'146#','盾构设备','长沙地铁','CREC380','146#','1','中铁工程装备','','1G2016-490','','','','','2016.9.1','',''),(156,'R28','盾构设备','','','R28','1','中铁装备','','','','','余聪','','','',''),(159,'1','起重设备','提梁机','180T','01','1','','','','','','','','','',''),(160,'145','盾构设备','刀盘','S438','145','1','','','','','','','','','',''),(161,'151','盾构设备','刀盘','','150.151','2','','','','','','','','','',''),(162,'148.149','起重设备','铺轨 MG10t门式起重机','MG10铺板门吊','148、149#','2台','中铁五局集团机电有限责任公司长沙分公司','鄢部长  18983456898','IG2016-499','辽宁北漂市兴隆沟村','','罗大强、王鼎科','','','',''),(163,'438','盾构设备','刀盘','','438','1','','','','','','','','','',''),(164,'147','起重设备','成都地铁45T地铁口门吊','45T地铁口门吊','147#','1台','四川锦绣山河交通有限公司','','1G2016-495','','','','','','',''),(165,'','起重设备','100T 门式起重机','100T-40米跨-18米高','156-159#','4台','中铁一局集团物资工贸有限公司','','1G2016-512','宁夏吴忠市灵丘县','','','','','',''),(166,'','起重设备','100T 门式起重机','100T-40米跨-18米高','160、161#','2台','中铁一局集团物资工贸有限公司','','1G2016-512','河南周口市沈丘县付井镇','','','','','',''),(167,'','起重设备','100T 门式起重机','100T-40米跨-18米高','162#、163#','2台','中铁一局集团物资工贸有限公司','','1G2016-512','河南周口市沈丘县纸店镇','','','','','',''),(168,'152','盾构设备','盾构机','','152','1','中铁装备','','1G2016-513','','','','','2016-10-5','','2016-11-25'),(169,'','起重设备','MG80t门式起重机','MG80t/10t-36m-34m','136、137#','2台','南京登峰起重设备制造有限公司','','1G2016-475','','','','','','',''),(170,'','起重设备','MG45/16t(双悬臂）门式起重机','MG45/16t-12.3/25.9m','138#','1台','中铁四局集团有限公司城市轨道交通工程分公司','','1G2016-477','南昌','','万慧祥','','','',''),(171,'','起重设备','120t门式起重机','120t门式起重机','103#','1台','中铁港航局集团桥梁分公司','','1G2015-382','贡嘎、拉林铁路','13822292159','万慧祥','2016.1.13','2016.1.15','2016.1.27','2016.3.31'),(173,'','起重设备','MG45/16t门吊','MG45/16t-19.3/26.9m','142#（沈阳）','1台','中铁九局集团第四工程有限公司','','1G2016-480','沈阳','','','','','',''),(174,'','起重设备','MG45/16t门吊','MG45/16t-19.3/31.3','143、144#','2台','中铁九局集团第四工程有限公司','','1G2016-480','呼和浩特','','','','','',''),(175,'','起重设备','青岛地铁1号线16t+16t双梁龙门吊机','16t+16t双梁龙门吊机','145#','1台','中铁八局集团昆明铁路建设有限公司','','1G2016-493','青岛地铁1号线土建一标03工区','','','','','',''),(176,'','起重设备','MH5t-16.5门式起重机','MH5t-16.5','146#','1台','中国铁道科学研究院','','1G2016-494','','','','','','',''),(177,'','起重设备','80吨梁场门吊','80吨梁场门吊','174、175、176、177#','4台','中铁十局集团第三建设工程有限公司','','1G2016-532','安微阜阳','','田城钢','','','',''),(178,'','起重设备','45吨地铁门吊','45吨地铁门吊','173#','1台','中铁七局集团武汉工程有限公司','','1G2016-527','昆明','','','','','',''),(179,'','起重设备','MH10T-24m-9M门式起重机','MH10T-24m-9M','178、179#','2台（前两台）','中铁港航局集团第三工程有限公司','','1G2016-534','宁夏吴忠','','','','','',''),(180,'','起重设备','MH10T门式起重机','MH10T-24m-9M门式起重机','180#、181#','2台（第三、四台）','中铁港航局集团第三工程有限公司','','G2016-534','宁夏吴忠','','','','','',''),(181,'','起重设备','35t-40m集装箱轨道式龙门起重机','35t-40m集装箱轨道式','154、155#','2台','武汉港金口港埠有限公司','','1G2016-506','武汉金口港','','','','','',''),(182,'','起重设备','MH5+5t门式起重机','MH5+5t-30.5m/21.73m/31.92m','151、152、153#','3台','中铁九局集团第七工程有限公司','','1G2016-504','','','','','','',''),(183,'','起重设备','太原轨道交通2号线ME(20+20)-22-32m门式起重机','ME(20+20)-22-32m','164、165#','2台','中铁六局集团太原铁路建设有限公司','','1G2016-517','','','','','','',''),(184,'','起重设备','MDEL180/38型轮胎式搬运机加工','MDEL180/38','16年签的第一台','1台','中铁工程机械研究设计院','','1G2016-478','','','','','','',''),(185,'155#盾体','盾构设备','','','155','1','中铁装备','','1G2016-531','','','','2016.10.17','2016.10.17','','2016-11-30'),(186,'182','起重设备','门式起重机','50吨','182','1','','','2016--537','','','','','','',''),(187,'157#','盾构设备','','','157#','1台','中铁装备','','1G2016-545','','','','','','','2016-11-30'),(188,'JQ185','起重设备','架桥机','JQ185','JQ185','1','','','','','','','','','',''),(189,'154#','盾构设备','','','154#','1台','中国水利水电第四工程有限公司盾构工程公司','','1G2016-530','','','','','','','2016-11-17'),(191,'156#','盾构设备','尾盾','1台','156#','1台','中国水利水电第四工程有限公司盾构工程公司','','1G2016-530','','','','2016.10.17','','','2016-11-17'),(192,'161#','盾构设备','成都院','','161#','1台','成都院','','','','','','','2016.11.02','','2017.1.17'),(193,'162#','盾构设备','成都院','','162#','1台','成都院','','','','','','','2016.11.02','','2017.2.17'),(194,'158#','盾构设备','中铁399小盾构盾体加工','','158#','1台','中铁工程装备集团盾构制造有限公司','','1G2016-547','','','','','','','20016/12/31'),(195,'170#','盾构设备','6280盾体（被动铰接）2台套','','170','1台','中铁山河工程装备股份有限公司','','1G2016-568','','','','','2016-12-08','','2017-2-10'),(196,'171#','盾构设备','6280盾体（被动铰接）2台套','1台','171#','1台','中铁山河工程装备股份有限公司','','1G2016-568','','','','','2016-12-08','','2017-2-20'),(197,'168#','盾构设备','盾体加工（1套被动0280；1套主动0284）','','168#','1台','济南中铁重工轨道装备有限公司','','1G2016-563','','','','','','',''),(200,'172#','盾构设备','旧盾改造','','172','1台','中铁装备','','','','','','','2016.12.05','','2016.12.30');
/*!40000 ALTER TABLE `track_device` ENABLE KEYS */;
UNLOCK TABLES;

--
-- Table structure for table `track_process_record`
--

DROP TABLE IF EXISTS `track_process_record`;
/*!40101 SET @saved_cs_client     = @@character_set_client */;
/*!40101 SET character_set_client = utf8 */;
CREATE TABLE `track_process_record` (
  `id` int(11) NOT NULL AUTO_INCREMENT,
  `device_id` int(11) NOT NULL COMMENT '关联的设备',
  `time` char(64) NOT NULL DEFAULT '' COMMENT '时间',
  `content` varchar(1024) NOT NULL DEFAULT '' COMMENT '工作内容',
  `issue` varchar(1024) NOT NULL DEFAULT '' COMMENT '困难及问题',
  `remark` varchar(1024) NOT NULL DEFAULT '' COMMENT '备注',
  `sign` char(128) NOT NULL DEFAULT '' COMMENT '签字',
  PRIMARY KEY (`id`),
  KEY `idx_device_id` (`device_id`)
) ENGINE=InnoDB AUTO_INCREMENT=1112 DEFAULT CHARSET=utf8mb4;
/*!40101 SET character_set_client = @saved_cs_client */;

--
-- Dumping data for table `track_process_record`
--

LOCK TABLES `track_process_record` WRITE;
/*!40000 ALTER TABLE `track_process_record` DISABLE KEYS */;
INSERT INTO `track_process_record` VALUES (1,8,'2016.5.9','桥机第二台已安装调试完成交付使用','安装人员不足，只有四人(已告知生产部杨部长要求矿起加人）','','陈彦林'),(2,8,'16.5.10','第三、四台的吊装','安装人员不足，只有四人','','陈彦林'),(3,8,'16.5.11','第五台到货及转厂','安装人员不足，只有四人','','陈彦林'),(4,8,'16.5.12','第三台布线，第四台附件（结构）安装','只有四人，严重不足，总装厂刘碧海帮忙安装','','陈彦林'),(5,8,'16.5.13','吊装第五台','只有四人，严重不足，总装厂刘碧海上午帮忙安装','','陈彦林'),(6,8,'16.5.14','第六、七台到厂及转厂；\r\n与业主沟通两台16T门机的安装场地及到厂卸货存放问题（业主要求我们发货，安装时转厂距离在十几米范围内由我们我们自行完成）','只有四人，严重不足','','陈彦林'),(12,17,'2016.4.26','整体验收','','沈辉验收',''),(13,6,'2016.5.15','罗大强去现场协调验收','','','陈彦林'),(14,19,'2016.5.11','完成验收','','验收人余文华',''),(15,11,'2016-05-17','陕西延安100t门吊今天吊装。','','','田城钢'),(16,12,'16.5.16','盾体上胎架（前100T、中100T、尾50T、螺旋机、盾体平台）使用300T+130T汽车吊','','','高汉凯'),(24,11,'2016-05-18','陕西延安100t门吊今天吊装第二台，已到货三台，第三台已安装，预计18-19号吊装第三台，项目部说先经外面两台安装，要具备25号现场施工条件，第四台货具体到厂时间矿起人员需联系司机。','','','田城钢'),(26,3,'5.17','上午焊斜皮带两边的档轮支架，下午调平皮带，自检主楼上的秤。','斜皮带和平皮带调试有点难，需要时间，明天接着调。','','王帮恒'),(28,6,'16.5.17','1、外加剂1设定上料6公斤可上了3点5左右就不上料了。2、外加剂2手动能上料，自动干脆不动。3、振动电机(沙料)搞了半天算是弄好了。4、水泵上水也有问题。','','责任单位：青岛嘉泉',''),(29,28,'2016-5-17','2#第一台站主机楼基础浇灌，第二台粉罐安装，第三、四台粉罐基础浇灌。','','',''),(30,28,'2016-5-17','3#第一、二台粉罐基础浇灌，第三、四台目前还没放线。','','',''),(31,10,'2016.5.17','两台门吊到场转场到位（小卖部）','项目部只确定了安装大概地点，现场基础还未施工。','陈彦林（录）',''),(33,8,'16.5.16','最后一台到货，下午吊装第6台','','陈彦林（录）',''),(34,8,'16.5.16','最后一台到货，下午吊装第6台','','陈彦林（录）',''),(35,8,'16.5.17','最后一台转场到位，预计5.18完成第7、8台的吊装','','陈彦林（录）',''),(36,8,'16.5.17','最后一台转场到位，预计5.18完成第7、8台的吊装','','陈彦林（录）',''),(37,20,'2016.5.17','1.主驱动1号、10号、11号、12号、13号、14号电机拆机并打包（40尺开顶柜）2.皮带机、伸缩盾、尾盾盾体清洁打包3.管片拼装机管座等安装（额外）4.第二批标准件缺件增补及打包','','','高汉凯'),(38,20,'2016.5.16','1.撑靴盾下片体、伸缩盾下片体拆机清洁并打包2.辅推油缸拆机打包3.到厂4个集装箱','','','高汉凯'),(40,6,'2016.5.18','已签字验收。','','','罗大强'),(41,28,'2016-5-18','2#第一台第二台配料机基础浇灌及放预埋件，第三台第四台粉罐基础浇灌。','','','严涛'),(42,28,'2016-5-18','3#第一台第二台粉罐基础浇灌及放置预埋件，第三台第四台还没放线','','','严涛'),(43,20,'2016.5.18','1、主驱动2号、3号、4号、7号、8号、9号电机拆机并打包 \r\n2、撑靴盾辅推油缸清洁打包完成\r\n3、前盾左片体拆机完成','','','高汉凯'),(44,51,'2016.5.19','1.悬臂节段一焊接。\r\n2.下横梁焊接。\r\n3.连接梁焊接。\r\n4.主梁总拼。','1.主梁与支腿连接大法兰钻孔未出\r\n2.下横梁腹板接料，待下料','2016.5.25日下胎架\r\n2016.5.27日开始发货','刘洋'),(45,14,'2016.5.18','厦门业主验收','米字梁加工铣平面积过大，要求堆焊后加工整改；','',''),(46,56,'2016.5.18','盾体发货（126#一套及125#尾盾）共计四件','两套盾体档条未配装，外协厂家18号晚上才送货到厂','中午送货后要求返修，厂家于晚上9点送到装车','张天雄'),(47,48,'2016.5.19','前盾隔板开坡口，中盾后部待油缸座（在加工）','','','张天雄'),(48,57,'2016.5.17','前盾18号翻身安装主驱动；\r\n中后4对油缸座穿销困难，铆四班于晚上修理完成。','','','张天雄'),(49,11,'2016-05-19','陕西延安100t门吊今天吊装第三台，第四台矿起人员联系厂里，说还没做好，具体什么时候发货还不确定。','','','田城钢'),(51,28,'2016-5-19','3#第一二台粉罐基础浇灌完毕但因混凝土太差挖了重兴浇灌。第三四台还没放线','','业主自制质量问题','严涛'),(60,3,'5.17','调试','斜皮带启动后停止不了。','斜皮带少装一个急停。','王邦恒'),(61,3,'5.19','修复碟阀','碟阀电磁阀装反了（安装队伍）','','王邦恒'),(62,24,'2016.5.19','调试生产','外机剂精计量需加球阀，控制不住计量精度；\r\n主机在生产中，自己开门','','罗南祥'),(63,32,'2016.5.18','维修主机','主机卸料门油管接头处破裂，造成主机不能关门','主机厂家10点到达，12点恢复正常生产',''),(65,20,'2016.5.19','1、前盾右片体拆机\r\n2、集装箱（4个40尺开顶柜、6个20尺开顶柜）和伸缩盾转厂至双腿门吊下\r\n3、大撑靴等打包件清洁\r\n4、刀盘、集渣斗等场地清理方便履带吊进厂','','','高汉凯'),(66,12,'2016.5.17','1、盾体内平台转至工位，平台连接螺栓孔清理，接触面打磨','','',''),(67,12,'2016.5.17','1、盾体内平台转至工位，平台连接螺栓孔清理，接触面打磨','','',''),(68,12,'2016.5.18','1、平台安装、低梁安装\r\n2、电气盾体内线路梳理\r\n3、盾体内液压管路梳理','','',''),(69,12,'2016.5.19','1、高粱及右牵引梁安装，做牵引梁由于限位变形无法安装\r\n2、盾体内线路梳理','','',''),(70,51,'2016.5.20','1、主梁总拼、悬臂节段一已拼。\r\n2、主梁腹板及上下盖板连接板钻孔。\r\n3、主梁轨道装焊。','1、主梁与支腿连接短法兰孔未钻\r\n','','陈建'),(72,24,'2016.5.20','一台生产','主机厂家到场处理开关问题','','罗南祥'),(73,11,'2016-05-20','陕西延安100t门吊今天安装配电柜走线，到货三台门吊全部吊装完毕，第四台矿起人员联系厂家不具体那天发货。','','','田城钢'),(74,3,'5.20','主机螺丝拧紧，检查重量传感器线路。','由于下雨，发电机上午发了两小时，下午检查plc出现故障没法调试。','','王帮恒'),(75,28,'2016-5-20','2#第一二台配料仓基础浇灌封模版，第三四台粉罐基础浇灌完毕，配料仓放线，主楼基础浇灌。目前到货2车，预计凌晨2点到货一车。','凌晨2点到货不卸货，到时货车需要加钱由中铁隧道四处负责。货发到现场中铁隧道四处不给签字到时东西丢了我公司慨不负责。','','严涛'),(76,21,'5月17日','换一台机的所有骨料汽缸座另一台试生产正常','','','周刊'),(77,21,'5月18日','换另一台机的所有汽缸座，双站试生产200多方，运转正常','','','周刊'),(78,28,'2016-5-20','3#第一二台主机楼基础放线及施工，第三四台粉罐基础及主机楼基础放线。','','','严涛'),(79,21,'5月19日','试生产','粉煤灰超差两次\r\n站长再次提及要求更改生产记录','修改破拱方式\r\n更改记录属作弊行为','周刊'),(80,21,'5月20日','试生产','生产过程中主机门关不严实','石子卡住门缝须手动处理','周刊'),(82,8,'16.5.18','完成第七台第八台的吊装，使用2台50T汽车吊','','陈彦林（录）','王邦恒'),(83,8,'16.5.20','第五台已达到使用状态','','陈彦林（录）','刘碧海'),(84,22,'5.17','调试上水泵','上水泵不上水','','周刊'),(85,22,'5.18','试拌调试','主机漏水\r\n缺润滑油泵四个轴端出口有个出口漏油\r\n搅拌不均匀','螺栓未拧紧\r\n缺黄油嘴','周刊'),(86,22,'5.19','试拌，调左站斜皮带','斜皮带江边跑','','周刊'),(87,22,'5.20','调右站斜皮带','1.改向滚筒轴承缺四个黄油嘴\r\n2.螺旋黄油管注油接头处漏油\r\n3.斜皮带架与斜皮带走台间距过大存在安全隐患\r\n4.油水分离器里面缺油','','周刊'),(88,25,'16.5.2-5.19','水泥仓制作九方，时间速度较快\r\n主楼安装三和水工，时间5.9开始','水泥仓制作速度较快，主楼发货时间延迟，特别是电控系统','',''),(89,12,'2016.5.20','刀盘焊接耐磨焊。','','',''),(92,24,'16.5.21','两台生产正常，主机问题解决','','等待验收','罗南祥'),(93,32,'16.5.21','租氧气乙炔改控制室横梁','控制室横梁偏低，大罐车进出有影响','','罗南祥'),(94,11,'2016-05-21','陕西延安100t门吊，今天走线。外面两台试车，明天监督局来验收，','','','田城钢'),(95,22,'5.21','试生产，监理验收','斜皮带尾部积料','','周刊'),(96,21,'5.21','试生产，运转正常','','','周刊'),(103,11,'2015-05-22','陕西延安100t门吊，今天验收四台，开出了合格证明，第三台的线预计后天可以完工，第四台发货时间不具体','','','田城钢'),(104,12,'2016.5.20','1、左牵引梁限位制作及安装\r\n2、低梁葫芦走形系统安装','','','高汉凯'),(105,12,'2016.5.21','1、高粱葫芦走形系统安装\r\n2、左右台车至大平台走行平台安装','','','高汉凯'),(106,20,'2016.5.20','1、履带吊主驱动拆机钢板铺好\r\n2、主驱动电机盖安装\r\n3、前盾左右片体导向块拆机并打包\r\n4、前盾片体拆机后打包涂防锈油清洁\r\n5、刀盘中心片体三次装配，刀箱更换','','','高汉凯'),(107,20,'2016.5.21','1、刀盘刀箱更换\r\n2、尾盾片体清洁打包\r\n3、前盾上片体导向块拆机打包\r\n4、履带吊主驱动拆机准备','','','高汉凯'),(108,32,'16.5.22','改另一台控制室横梁，买材料焊水泥仓爬梯护栏','','','罗南祥'),(109,24,'16.5.22','两台正常生产','','等待验收','罗南祥'),(110,28,'2016-5-21','2#第一二台搅拌机安装及斜皮带组装，第三四台配料机基础浇灌。现场到货5车。','','','严涛'),(111,28,'2016-5-21','3#第一二台粉罐及主机楼基础浇灌完毕。第三四台粉罐及主楼基础施工。','','','严涛'),(112,28,'2016-5-22','2#第一二台配料机安装及第二台斜皮带安装和安装线槽。第三四台配料机基础浇灌及安装粉罐。','','','严涛'),(113,25,'','','电工紧缺，人员不够，耽误工期。需要从公司派人或项目部派人协助！','',''),(125,25,'5.21',' 接线完成，加班调试，未打灰','','','万慧祥'),(126,25,'5.22','  一台接线完成，下午出灰，一台放线，我们公司带着项目部人员干活，博硕调试另一台出灰','','','万慧祥'),(127,25,'5.20',' 水泥仓制作完成，人员退场，主楼安装附近，焊接加固，博硕未派人到现场，我公司两人接线。','','','万慧祥'),(128,51,'2016.5.21','1、主梁轨道焊接\r\n2、主梁栏杆试拼、装连接套管、踢脚板及焊接\r\n3、主梁与支腿连接大小法兰装配','差两块隔板','今天夜班主梁整体翻面','陈建'),(129,51,'2016.5.22','1、主梁整体翻面后调校\r\n2、装焊主梁与支腿连接大小法兰\r\n3、主梁上盖板装焊及钻孔','隔板还未下','','陈建'),(131,51,'2016.5.23','1、主梁大小法兰焊接打磨\r\n2、主梁上盖板钻孔打磨\r\n3、支腿法兰取样\r\n4、主梁及连接梁焊接清磨','隔板及防雨罩料未下严重影响工期','','陈建'),(133,12,'2016.5.23','刀盘安装耐磨板，装外周耐磨板。','外周耐磨板需要手工切割。安装时间长，切割后外观差。','安装后打磨处理。','方锦荣'),(134,119,'2016.5.23','中盾铰接套更换（铰接套因机加工翻面时，铰接套着地变形，尺寸报检不合格）环焊缝焊接完成。','','',''),(138,48,'5月23号','铆一班前盾：整体焊接\r\n铆一班中前：装配环筋\r\n铆一班中后：整体焊接\r\n铆三班尾盾：焊接厚壳体对接焊缝','','','魏志刚'),(139,11,'2015-05-23','陕西延安100t门吊，第三台预计明天完工，第四台发货时间不具体，','','','田城钢'),(140,47,'2016年5月21号','早上5点30到德昌与项目部李经理、单总、孙站长碰面。\r\n孙站长送我到1分部搅拌站现场了解情况。','','','罗大强'),(141,47,'2016年5月22号','粉仓片仓到货1车。\r\n山建高波到现场。','因现场下大雨，吊车不愿进、货车进不去，无法卸货。\r\n1、现场一片泥巴，货车陷在里面动不了。\r\n2、现场场地狹小，场地泥淋，后期如果货全部到场，就无法展开工作。','','罗大强'),(142,47,'2016年5月23号','大雨、吊车进场，因风雨太大，直到13点半开始卸货。\r\n货物暂时堆放在粉仓基础上面，项目部到目前为止未按排场地处理问题。\r\n一车货，我和高波两人一直卸到18点多，因堆放场地太小确实不好弄。','从6点到现场，等吊车到场10点多，反映给项目部的问题没有解决，一车货卸了一整天。天气是一个原因，人员未到，场地泥淋狹小，无法快速开展工作。\r\n','','罗大强'),(143,22,'5.22','未生产，提整改方案','','','周刊'),(144,22,'5.23','准备整改材料','','','周刊'),(145,21,'5.22','试生产','骨料仓门关不严实，配料完成后继续往称斗里面漏料','','周刊'),(146,21,'5.23','未生产，调试主机下料门','','','周刊'),(147,3,'5.22','检修平皮带，电气水碟阀一个，焊接平皮带滚筒底座。','由于底座螺丝孔偏位重新焊接。','','王帮恒'),(148,3,'5.23','平皮带调试基本可以了，继续调斜皮带，加焊档轮。','厂家不肯安装主楼灯和钢丝绳，请协调厂家。','',''),(150,28,'2016-5-23','2#第一一二台斜皮带安装完毕，螺旋机组装、水、电、气安装。第三四台粉罐安装','','','严涛'),(151,28,'2016-5-23','3#第一二台等粉罐安装，第三四台没动。','','业主自己的粉罐没到位。','严涛'),(152,25,'5.22','接平皮带线，项目部监理验收，打外封装','','','万慧祥'),(153,48,'5月24号','生产部吴坤发132无锡盾体中盾前部防扭块固定套拼焊图','','已经转交给负责人魏志刚','郭海霞'),(154,12,'2016.5.24','技术部公事通知单：编号GS001，编制孙建斌，事由刀盘有关事宜，项目名称114/115盾构机改造。','114，115刀盘牛腿链接法兰面需要增加周边坡口，坡口尺寸为c40，共6块。用机加产生或者半自动切割成型坡口，坡口方向为朝零件外部。','公事通知单已转交魏志刚','郭海霞'),(155,47,'2016年5月24号','今早7点到粉仓片仓2车，现场共到货3车粉片仓。','仍然是场地问题，项目部不听混凝土公司的协调，不肯整理场地，说是让我们自己去买彩条布垫在泥巴地上按装。\r\n已经向李经理、单总反映了情况，单总也按排孙站长到场协调，可不管用。','','罗大强'),(156,51,'2016.5.24','1、主梁整体下胎架\r\n2、主梁清磨、装隔板\r\n3、支腿试拼\r\n4、走台制作','防雨罩料 未下影响工期，','','陈建'),(157,49,'5月24号','铆四班前盾：整体焊接\r\n铆四班中盾：安装筋板\r\n铆四班尾盾：待注浆块','尾盾注浆块尽快回厂\r\n中盾注浆块30号到','       控制节点\r\n前盾29号必须翻面焊接\r\n中盾26号筋隔板安装完成\r\n尾盾28号尺寸报检','魏志刚'),(158,50,'5月24号','铆一班前盾：壳体调校\r\n铆四班中盾：壳体调校\r\n铆六班尾盾：密封环调校','','前盾28号壳体调校合格\r\n中盾28号壳体调校合格\r\n尾盾28号密封环达到加工状态','魏志刚'),(159,12,'2016.5.23','1、盾体内主电缆布置完成，电柜安装架制作完成\r\n2、盾体内液压管路梳理布置\r\n3、项目总会会议确定剩余工作量及完成时间节点，确定26号通电需完成电柜安装架制作及油箱滤芯、高压柜电缆到厂','','','高汉凯'),(160,12,'2016.5.24','1、液压管路继续布置梳理\r\n2、高粱拆下后校正，装反葫芦走行重新安装，链条清理，葫芦清理完成','','','高汉凯'),(161,20,'2016.5.23','1、主驱动与前盾下片体解体完成，采用350T步履式起重机\r\n2、刀盘刀箱更换\r\n3、尾盾清洁打包完成','','',''),(162,20,'2016.5.24','1、刀盘中心片体解体完成\r\n2、前盾下片体法兰面清洁并涂防锈油\r\n3、下午发3个40尺开顶柜\r\n4、履带吊拆机及装车','','','高汉凯'),(163,11,'2015-05-24','陕西延安100t门吊，前三台安装调试完毕，第四台发货时间不具体，','','','田城钢'),(164,3,'5.24','上午清理现场，准备沙石料，运行设备。下午开机试车，基本正常，就是斜皮带抖动太厉害。操作室安装照明灯和空调插座。','厂家今天买了钢丝绳，不肯买主楼的灯，计量没钱不肯搞。请领导协调嘉泉公司。','','王帮恒'),(166,28,'2016-5-23','2#第一二台配料机安装完毕、螺旋机安装、水电气安装。空压机外加剂罐及储气罐落位。第三四台目前因有电线无法安装，','','第三四台因有高压线只能立一边粉罐，','严涛'),(167,28,'2016-5-23\r\n\r\n16.5.30','3#因这几天抢2#工地就没去一直是打电话问，今天电话没打通。\r\n2#站第一条线开始生产，第二条调试','','','严涛\r\n\r\n陈彦林（余文华）'),(168,14,'2016.5.24','前盾翻面试安装泥浆门，涂装；\r\n中前完成涂装；\r\n中后米子梁整改区域打磨，安装走台，拖砂场涂装；\r\n尾盾打砂涂底漆。','中后米子梁法兰连接螺栓M30*140,实际使用M30*150，要求更换，但仓库没有M30*140的现货。','','张天雄'),(169,21,'5.24','试生产','主机卸料门关不严，检测不到关门信号，手动开关门不动作，须退出系统再进才能动作','','周刊'),(170,22,'5.24','整改斜皮带尾部积料，整改斜皮带与走台空间过大','站上要求去除一个从二层平台到三层平台的爬梯','','周刊'),(171,25,'5.24','第二台接线，打外封装，小活','','','万慧祥'),(172,11,'2016-05-25','陕西延安100t门吊，等待第四台发货，','','','田城钢'),(173,47,'2016年5月25号','粉仓拼装13节，工人到场6人。','','','罗大强'),(174,14,'','','','',''),(175,14,'2016.5.25','前盾完成涂装，待包装；\r\n中前、中后完成涂装在砂场明早回厂更换30*140螺栓（下午到厂）；\r\n尾盾打磨原子灰至晚上12点；\r\n124尾盾已包装（晚上6点）。','盾体包装花费时间过长，主要是包装人员技能不熟（上批人员更换）。','','张天雄'),(176,56,'2016.2.25','盾体到达济南，派出人员（罗万才）前往济南交接手续。','','','张天雄'),(177,48,'2016.5.25','铆一班前盾：整体焊接、安装吊耳\r\n铆一班中后：翻面焊接\r\n','','','张天雄'),(178,3,'5.25','上午穿螺旋钢丝绳，下午整改操作平台。下','下家没钱校秤，空调和脉冲也没安装。避雷针没安装。','请领导跟下家即时沟通，再不搞影响验收','王帮恒'),(180,20,'2016.5.25\r\n\r\n\r\n2016.5.26','1、第一批部分货发运（7个40尺开顶柜、4个20尺开顶柜）\r\n2、刀盘中心片体涂防锈油并打包\r\n3、前盾等发运吊耳安装\r\n1、第一批货继续发运，6车12件货','','','高汉凯'),(181,12,'2016.5.25','1、液压管路安装布置\r\n2、刀盘牛腿法兰面打磨\r\n3、走行葫芦清理','','','高汉凯'),(182,13,'2016-05-20','1、配合设计院调试，确定并解决了调试中出现的部分问题：1、中心回转体漏油：密封质量问题，待新密封回厂后2次装配调试；2、拼装机无法旋转，是设计院外购件不匹配，需更换后2次调试。','1、发货清单催促数次无果。2、设计院液压人员丢失我厂手把焊接一台。','已调试动作：1、推进油缸、铰接油缸；2、喂片机3、刀盘旋转和超挖刀。4、拼装机横移、大臂油缸伸缩、抓举头动作。','刘宇炫'),(183,13,'2016-05-25','1、中心回转体密封到厂。','','','刘宇炫'),(184,51,'2015.5.25','1、主梁清磨，报检\r\n2、主梁已转2个节段和2个连接梁打砂\r\n3、支腿拼装','由于天气因素，影响打砂进度','','陈建'),(194,51,'2016.5.26','1、主梁、连接板已转打砂\r\n2、支腿清磨、报检\r\n3、防雨罩装焊制作\r\n4、走台栏杆制作','','','陈建'),(196,25,'5.25','第二台接线调试，电机，皮带，螺旋机的试转，打外封装','','','万慧祥'),(197,25,'5.26','外封装盖顶，主机整改小活，料位计接线，除尘接线','','','万慧祥'),(198,3,'5.26','检测重量传感器，安装避雷针','还有两问题下家没做，空调和脉冲器。请领导督促下家尽快发货安装。','','王帮恒'),(199,22,'5.25','未生产','','','周刊'),(200,22,'5.26','未生产','','','周刊'),(201,21,'5.25','未生产','','','周刊'),(202,21,'5.26','未生产','','','周刊'),(203,11,'2016-05-26','陕西延安100t门吊，今天第四台发货，','','','田城钢'),(204,47,'2016年5月26号','粉仓拼装','','今天吊车增加到2台，现场请民工4人，总工人数9人，粉仓到第4车。\r\n按项目部要求加班到10点。','罗大强'),(205,32,'2016.5.23','调斜皮带','','','沈辉'),(206,32,'2016.5.25','更换主机减速机，','主机减速机有异响','晚上11点换完','沈辉'),(207,32,'2016.5.26','更换轴承','','','沈辉'),(208,32,'2016.5.27','外加剂电机烧坏修电机','','',''),(210,12,'2016.5.26','1、电气线路布置梳理，做好上电准备\r\n2、后配套台车继续清理\r\n3、液压管路布置梳理安装','','','高汉凯'),(211,11,'2016-05-27','陕西延安100t门吊，第四台预计今晚第一车货能到。','','','田城钢'),(212,25,'5.27','下雨，斜皮带防雨罩，调试','','','万慧祥'),(213,14,'2016.5.27','盾体发货共计4个盾体（123一套加124尾盾）','','',''),(214,48,'2016.5.28','前盾翻身焊接，\r\n中前完成装配，\r\n中后安装隔板环板，焊接、打磨\r\n尾盾厚壳体与法兰对接安装','','',''),(215,11,'2016-05-28','陕西延安100t门吊，第四台第一车货今天到现场，明晚发第二三车。','','','田城钢'),(216,25,'5.28','下暴雨','','','万慧祥'),(217,25,'5.28','接料位计，除尘线路，整机整改','','',''),(218,24,'16.5.28','搅拌站验收','','','罗南祥'),(219,12,'2016.5.27','1、后配套台车清理，台车连接走到清理缺7件需重新制作，台车连接销确认\r\n2、电气线路梳理\r\n3、液压管路继续布置','','','高汉凯'),(220,20,'2016.5.27','第一批货继续发运（4车），刀盘翻面刀箱安装完成','','','高汉凯'),(221,20,'2016.5.28\r\n\r\n2016.5.30','第一批货发运完成，9车18件盾体打包件\r\n桥架拆机开始，后配套栏杆扶手拆机打包','','','高汉凯'),(222,51,'2016.5.29','1、主梁打砂完成并发货\r\n2、防雨罩制作\r\n3、走台栏杆打砂涂装完成','','','陈建'),(223,11,'2016-05-29','陕西延安100t门吊，通知今晚发货，预计明晚第四台货到现场。','','','田城钢'),(224,25,'5.29','装空调，接监控，灯线，校称，外封装完善','','','万慧祥'),(226,11,'2016-05-30','陕西延安100t门吊，等待收货（第四台）','','','田城钢'),(227,12,'2016.5.30','1、通电后依次检查各柜体之间的连接情况是否正常\r\n2、检测PLC 通信情况，对已发现问题正在解决中\r\n3、重新铺设变频柜至主控室通讯线\r\n4、临时加装一根从辅助动力柜至加泥柜电源线','无配件','配件有一部分是自己提供','连永昌'),(228,47,'2016年5月27号','立罐2个','','','罗大强'),(229,47,'2016年5月28号','粉仓拼装','','','罗大强'),(230,47,'2016年5月28号','粉仓拼装','','','罗大强'),(231,47,'2016年5月29号','粉仓拼装','','','罗大强'),(232,47,'2016年5月30号','第四个粉仓拼装完工','','','罗大强'),(233,25,'5.30','整改2号站斜皮带，平皮带跑偏，调试二号站，校称','','','万慧祥'),(234,51,'2016.5.29-30日','29日完成一车的涂装，因桁车故障维修导致无法发运;30日完成3车装车发运，主要是门架结构。','','','陈彦林'),(235,130,'2016/5/31','12/13号机刀盘拆零图纸发铆焊六组邓师1份','','','郭海霞'),(236,131,'2016/5/31','12/13号机刀盘拆零图纸发铆焊六组邓师1份','','','郭海霞'),(237,130,'2016/5/31','刀盘侧板74加孔；；两套刀盘其中1件件74还未铆焊，上下料机开152孔，另一块已经铆焊筋板，铆工划线手开毛孔140，再机加镗孔到152','','公事通知单','郭海霞'),(238,131,'2016/5/31','刀盘侧板74加孔；；两套刀盘其中1件件74还未铆焊，上下料机开152孔，另一块已经铆焊筋板，铆工划线手开毛孔140，再机加镗孔到152','','公事通知单','郭海霞'),(239,131,'2016/5/31','图纸释放清单（20160530）','','已发给魏志刚','郭海霞'),(240,130,'2016/5/31','图纸释放清单（20160530）','','已发给魏志刚','郭海霞'),(241,12,'2016.5.31','公事通知单：刀盘刀箱下端需焊接挡板，尺寸根据各刀箱尺寸不同略有不同，若有下挡板不适合，可自行割至合适尺寸；注：刀具安装之前焊接挡板，且挡板不得挡住刀箱的斜槽，若挡住可将挡板切割至合适尺寸。','','已经发至方锦荣','郭海霞'),(242,50,'2016.5.31','前盾完成整体装配，准备报检开始焊接尾盾密封环加工支撑转换','','','张天雄'),(243,12,'2016.5.31','公事通知单：114,115在刀盘与前盾配装前对刀盘进行以下两方面的整改：\r\n1.刀盘外周搅拌棒需向中心移动220mm，共3处搅拌棒\r\n2.刀盘法兰面需加工4个定位销（2日内做完）','','已经发至方锦荣','郭海霞'),(244,57,'2016.5.31','公事通知单：114,115在刀盘与前盾配装前对刀盘进行以下两方面的整改：\r\n1.刀盘外周搅拌棒需向中心移动220mm，共3处搅拌棒','','已经发至方锦荣','郭海霞'),(245,131,'2016/5/31','前盾A环图纸 SHC1030发铆焊六组吴晓勇','','','郭海霞'),(246,75,'2016.5.31','1、主梁节段二拼装\r\n2、支腿底板拼装','1、下料在材料配套上跟不上；\r\n2、小车、连接梁、下横梁图纸还未下发，请市场部跟业主尽快联系，以免耽误工期；\r\n','','陈建'),(247,11,'2016-05-31','陕西延安100t门吊，刚性支腿柔性支腿小车已到现场，主梁明天到，支腿已开始安装。','','','田城钢'),(248,22,'5.27','未生产','','','周刊'),(249,22,'5.28','一期未生产，二期做基础','','','周刊'),(250,22,'5.29','一期未生产，二期做基础','','','周刊'),(251,12,'2016.5.31','1、检修PLC通讯是否正常，排除问题zhong\r\n2、CC-LINK通讯连接维护，排除问题中\r\n3、检修后阀箱气压调节器损坏\r\n4、LD润滑油无反馈，重新焊接插头','','','连永昌'),(252,75,'2016.6.1','1、支腿拼装\r\n2、主梁节段三拼装','','','陈建'),(253,122,'2016.6.1','132#材料（板材）已到部分材料','','','陈建'),(254,25,'5.31','第一台开始生产，减水剂管路有点问题，已解决，第一台正常生产，第二台已调试好，需督促项目部打水泥重载试验。下雨','','','万慧祥'),(255,25,'6.1','第一台正常生产，第二台待打灰，督促项目部','','','万慧祥'),(256,11,'2016-06-01','陕西延安100t门吊，第四台全部到货，今天拼装支腿，主梁，','','','田城钢'),(257,48,'2016.6.1','前盾人舱焊接，螺旋机座子到货；\r\n中前焊接油缸座；\r\n中后围板完成焊接，明天翻身外观处理，完成全部焊接；\r\n尾盾厚壳体调校。','焊接人员明显不足','协调外援','张天雄'),(258,49,'2016.6.1','铆四班：前盾已经翻身焊接，安装人仓螺旋机座到货\r\n中盾：整体焊接，安装注浆块\r\n尾盾：待安装注浆块','','','张天雄'),(259,130,'2016.6.1','铆一班：A环卷板，切割直头，调校','','','张天雄'),(260,119,'2016.5.30','中盾完成报检；完成与尾盾对接，铆五班尾盾油缸座有一处角度有偏差，已更正。','','','张天雄'),(261,47,'2016年5月31号','粉仓拼装','','','罗大强'),(262,47,'2016年6月1号','第五个粉仓拼装完成。\r\n第三个粉仓立罐','','','罗大强'),(265,25,'6.2','一号线正常生产，二号线待料','','','万慧祥'),(267,32,'2016.5.28','调斜皮带一天','','',''),(268,32,'2016.5.29','去七公司整改工地提出问题','','第二天下午整改完',''),(269,32,'2016.5.30','北京公司汽缸，电机各坏一个','货今天下午才到，岳手的人前天走了，','',''),(270,11,'2016-06-02','陕西延安100t门吊，今天主梁走线，安装护栏，配电柜底座焊接，下午下雨。明天竖梁。。','','','田城钢'),(271,47,'2016年6月2号','立罐完成第五个。','','','罗大强'),(272,47,'2016年6月3号','第六个粉仓拼装，主机到货一车。','','','罗大强'),(273,11,'2016-06-03','陕西延安100t门吊，第四台今天吊装完毕，','','','田城钢'),(274,128,'2016.6.3','第一台:前中盾转入车间，刀盘装刀、中心块安装完成，待超挖刀（物资预计6.6日到厂）;','东西到不了，打压需要配接头。','','陈彦林'),(275,12,'6.3','物资答复东西到齐了，安排人去安装刀盘螺栓全部未到厂，刀盘只有小部分刮刀座焊接了一部分根本无法安装。','','','陈彦林'),(276,74,'6.3','晚上102#减速机到厂（2件），还缺大车主动轮组2个。','','','陈彦林'),(277,74,'6.4','102#小车轮组定位报检完成，热装工作完成，还缺大车主动轮组2个。','','','陈彦林'),(281,48,'2016.6.4','前盾完成焊接、外观处理；\r\n中前完成正面焊接；\r\n中后完成报检，明天打砂底漆\r\n','75吨桁车被装备占用，未能将中后拖至砂场。','','张天雄'),(282,50,'2016.6.4','前盾正面整体焊接（6.2号开始焊接），尾盾壳体一壳体二调校，明天对接。','','前盾计划6月11号翻身焊接。电焊工人员不够，已协调厂外人员','张天雄'),(283,12,'2016.6.4','1、一号到八号台车照明灯具安装完成（有多个没有灯管）\r\n2、盾体照明灯具安装完成（无灯管）\r\n3、已测试各电机运转正常\r\n4、风机电机运转正常','缺少灯管、一套监控系统（显示器、交换机、摄像头、电源、电源线、同轴电缆、BNC接头）','通讯连接未能解决','连永昌'),(284,51,'16.6.4','所有货已卸至现场，产权备案已完成，安装告知办理中。','','',''),(285,128,'6.4','第一台前中盾来电后的移位翻面完成，扭腿法兰与刀盘配孔有一半以上有问题。','','','陈彦林'),(286,75,'2016.6.2','1、主梁节段焊接\r\n2、支腿焊接','1、小车、连接梁、下横梁、栏杆图纸未下发，影响工期','','陈建'),(287,75,'2016.6.4','','停电一天','','陈建'),(288,75,'2016.6.5','1、主梁共捌个节段拼装完成\r\n2、主梁焊接打磨\r\n','图纸（小车、连接梁、下横梁、栏杆）未下发影响材料采购、下料及制作','','陈建'),(289,122,'2016.6.4','132#主梁隔板及主梁附件委外下料','下料进度太慢，直接影响制作进度','','陈建'),(290,49,'2016.6.6','前盾：完成焊接，外观处理，明天（7号）开始做人仓保压\r\n中盾：整体焊接\r\n尾盾：待注浆块回厂','注浆块尽快回厂','','张天雄'),(291,48,'2016.6.6','前盾：完成螺旋机座焊接，翻面准备做保压实验\r\n中前：整体焊接，准备切割注浆块孔\r\n中后：完成底漆涂装，转下道工序\r\n尾盾：安装油脂管。','','','张天雄'),(292,50,'2016.6.6','前盾：整体焊接，\r\n中盾：整体焊接安装米字粱\r\n尾盾：待注浆块回厂','待注浆块回厂','','张天雄'),(293,12,'2016.6.6','葛洲坝刀盘边刮刀座安装完成，脑膜版焊接。\r\n上海局114刀盘，搅拌棒安装，焊接，吊耳打磨探伤。尾盾配盾，业主验收。\r\n上海局115刀盘，刀箱安装。其他刀座未回。','','','方锦荣'),(294,57,'2016.6.6','115刀盘安装刀箱。其它刀座未回。','','','方锦荣'),(295,47,'2016年6月4号','拼装粉仓，因下雨大风天气未能立罐。','','','罗大强'),(296,47,'2016年6月5号','第6个粉仓完成立罐，第七个粉仓完成拼装。','','','罗大强'),(297,47,'2016年6月6号','第七个粉仓完成立罐，项目部检查，左边场地硬化，右边留通道，与项目部沟通无结果，停工半天。','','','罗大强'),(298,47,'2016年6月6号','第七个粉仓完成立罐，项目部检查，左边场地硬化，右边留通道，与项目部沟通无结果，停工半天。','','','罗大强'),(299,47,'2016年6月6号','第七个粉仓完成立罐，项目部检查，左边场地硬化，右边留通道，与项目部沟通无结果，停工半天。','','','罗大强'),(300,122,'2016.6.6','1、下午委外材料到场\r\n2、下横梁制作','小车图纸下午技术部下发，制作班组（铆四）参入制作人员太少(2人)影响制作进度','','陈建'),(301,75,'2016.6.6','1、主梁焊接打磨\r\n2、支腿拼装、焊接','小车、连接梁、下横梁图纸技术部下午下发目前还差走台栏杆及吊具梁图纸','','陈建'),(308,52,'16.6.6','项目部提出整改\r\n1.水泥仓进料管加锁装置\r\n2.配料仓加隔板\r\n3.水泥仓加拦风绳','','','罗南祥'),(309,53,'16.6.6','吊装螺旋，组装平皮带机，斜皮带基础未完成，无电','','','罗南祥'),(310,53,'16.6.6','吊装螺旋，组装平皮带机，斜皮带基础未完成，无电','','','罗南祥'),(311,12,'2016.6.6','1、铺设监控线路\r\n2、解决通讯故障，cc-link出现错误（屏蔽两个后正常）\r\n3、操作屏控制加泥泵运转正常\r\n4、已到电磁线圈安装五个','','','连永昌'),(312,8,'16.6.7','至此矿起还未将8台的监检资料报质监局审核。','','质监局查不到记录。','陈彦林'),(313,3,'6.6','开始试生产，皮带机震动问题基本整改完成，发现斜皮带后方的张紧轮与皮带边缘磨损严重，即刻开始整改。','','','陈彦林'),(314,75,'2016.6.7','1、主梁及支腿焊接\r\n2、小车型材下料','1、小车及连接梁、下横梁板材技术部未排料导致未下料，严重影响生产制作\r\n2、走台栏杆及吊具梁望技术部尽快下发图纸','','陈建'),(315,122,'2016.6.7','1、下横梁拼装；2、连接梁拼装；3、清小车及防护罩型材料；','1、下横梁隔板料下短，需技术部重新排料；2、技术部排料望及时；','','陈建'),(316,48,'2016.6.7','前盾：翻身尺寸检查，人仓焊接\r\n中前：切割注浆块孔\r\n尾盾：切割观察窗','','','张天雄'),(317,49,'2016.6.7','前盾：翻面焊接人仓，外观处理\r\n中盾：翻面焊接，\r\n尾盾：等注浆块回厂','注浆块尽快回厂','','张天雄'),(318,50,'2016.6.7','前盾：整体焊接\r\n中盾：整体焊接\r\n尾盾：壳体对接焊接，等注浆块。','待注浆块回厂','','张天雄'),(320,51,'2016.6.6','拼装主梁','','',''),(321,3,'6.7','出灰6方，待用灰地点。斜皮带磨损问题已整改。','','','陈彦林'),(322,51,'2016.6.7','安装下横梁 连接主梁','','',''),(323,3,'6.7','出灰6方，待用灰地点。斜皮带磨损问题已整改。','','','陈彦林'),(324,130,'2016.6.7','铆三班A环壳体卷好，法兰拼好\r\n铆一班B环壳体对接焊完成，法兰隔板拼接完成\r\n铆一班C.F环拼接完成\r\n铆一班D.E环待卷板','控制壳体卷圆切直头、开坡口的质量','','魏志刚'),(325,131,'2016.6.7','铆六班A环法兰拼接完成，壳体待卷板\r\n铆四班B环法兰完成，壳体在调校\r\n铆四班E环在调校\r\n铆四班C.D.F环待卷板','B环、E环壳体对接坡口缺陷问题','','魏志刚'),(326,53,'16.6.7','组装完成两套配料机，斜皮带基础今天才浇筑','','','罗南祥'),(327,130,'2016.6.7','刀盘支腿坡口修割90度切点，焊缝修补。','','','方锦荣'),(328,131,'2016.6.7','铆六班制作刀盘管路焊接盖板，装接头，焊接。','','','方锦荣'),(329,12,'2016.6.7','葛洲坝刀盘中心到座安装，焊接。','','','方锦荣'),(330,57,'2016.6.7','上海局114刀盘搅拌棒焊接完成，吊耳探伤不合格，返工焊接。\r\n115刀盘刀箱装配。','','','方锦荣'),(331,77,'2016.6.7','翻转机构拼装焊接。','','','方锦荣'),(332,10,'6.7','矿起告知6.6日晚上已发最后一车货;','业主场地平整未完成（自己的吊车转场都不敢走），业主轨道第一台铺2节（还未灌浆）第二台还未开始铺。','','陈彦林'),(333,130,'2016.6.8','前盾、中盾、尾盾铆焊工艺各三份','','已发给魏志刚','郭海霞'),(334,131,'2016.6.8','前盾中盾尾盾铆焊工艺各三份','','已发给魏志刚','郭海霞'),(335,131,'2016.6.8','1，1到5号太和图纸清单（各2份）以及图纸\r\n2，轮组图纸清单以及图纸（2份）\r\n3，悬臂吊清单（2份）\r\n4，台车连接清单及图纸（2份）','','已发给魏志刚','郭海霞'),(336,130,'2016.6.8','1，1到5号太和图纸清单（各2份）以及图纸\r\n2，轮组图纸清单以及图纸（2份）\r\n3，悬臂吊清单（2份）\r\n4，台车连接清单及图纸（2份）','','已发给魏志刚','郭海霞'),(337,75,'2016.6.8','1、小车型材下料，拼装；\r\n2、主梁、支腿焊接及校正；\r\n','1、走台栏杆图纸技术部未下发；2、小车及吊具未排版，影响制作；3、吊具图纸下午才下发','','陈建'),(338,122,'2016.6.8','1、主梁隔板拼焊；2、支腿拼装；3、连接梁焊接；','1、走台栏杆及翻转机构今天下午才下发图纸，望技术部尽快排版；2、下横梁隔板料未补齐（下短料的料）','','陈建'),(339,47,'2016年6月7号','拼第八个粉仓。主楼到第二车货。','因场地原因卸货非常慢，拼罐只能两节一拼，进度太慢。','','罗大强'),(340,47,'2016年6月8号','一号机主楼拼装二层。\r\n二号机拼装一层。\r\n斜皮带到一车货。第八个粉仓拼装完工，因卸货未能立罐。','','','罗大强'),(341,51,'2016.6.8','下暴雨停工半天 下午安装电器平台 主梁平台 主梁栏杆 紧螺栓','','',''),(342,12,'2016.6.9','1、CC-link通讯正常\r\n2、加泥泵、清洗泵等运转正常\r\n3、检修其它异常区域','','','连永昌'),(344,20,'2016.5.31','1、桥架管片吊机拆机完成\r\n2、桥架整体下架，上层平台电柜，风筒支架等拆机并打包\r\n3、上层平台左平台拆机并打包','','','高汉凯'),(345,20,'2016.6.1','1、桥架整体下架，上平台拆机并打包\r\n2、液压站拆机并清洁打包','','','高汉凯'),(346,20,'2016.6.2','1、桥架中层平台拆机完成并打包\r\n2、桥架底平台拆机并完成打包','','','高汉凯'),(348,20,'2016.6.3','1、螃蟹腿及后部底架拆机并完成清洁打包\r\n2、桥架其余部件拆机并打包','','','高汉凯'),(349,20,'2016.6.4','1、1号台车上平台及电柜拆机清洁打包完成\r\n','','','高汉凯'),(350,20,'2016.6.5','1、1号台车拆机打包完成\r\n2、桥架前期遗留问题整改','','','高汉凯'),(351,20,'2016.6.6\r\n2016.6.7\r\n2016.6.8','2号台车上平台等部件拆机打包\r\n2号台车拆机完成并清洁打包\r\n3号台车电柜、上平台拆机清洗并完成打包','','','高汉凯'),(354,12,'2016.6.10','1、试运行螺旋机泵1#2#3#电机、铰接电机、拼装机电机、皮带机电机等运转正常\r\n2、液位阀线路测试\r\n3、液位传感器（损坏）屏蔽后测试正常\r\n4、注浆、加泥、泡沫气动开检测，信号监测（因供气管路不通，部分传输信号无法监测）\r\n5、高低梁电机手柄操作异常，一组电机外壳破损','气路部分没有连接','','连永昌'),(355,53,'16.6.10','整站吊装完工，走线槽','','','罗南祥'),(356,52,'16.6.10','水泥仓进料管加锁装置整改完成\r\n配料仓加隔板整改完成\r\n水泥仓加拦风绳整改完成','','等待生产验收','罗南祥'),(357,51,'2016.6.9','上大梁 翻渣钩 小车','','',''),(358,51,'2016.6.10','装梯子栏杆平台司机室','','',''),(359,48,'2016.6.9','前盾：转砂场涂装\r\n中前：安装注浆块（预计12号完成焊接）\r\n尾盾：待观察窗等机加工件到厂','尾盾机加件金快到厂','',''),(360,48,'2016.6.11','前盾：完成底漆涂装，转机加厂。\r\n中前：注浆块焊接\r\n尾盾：待机加件回厂','待尾盾机加件回厂安装','',''),(361,49,'2016.6.11','前盾：整体报检后转涂装\r\n中盾：整体焊接；缺中盾油缸座（未完成加工）\r\n尾盾：待注浆块回厂','待注浆块回厂安装和中盾油缸座','',''),(362,50,'2016.6.11','前盾：整体焊接，安装椎板\r\n中盾：整体焊接，待安装注浆块（缺货）和油缸座（未加工）\r\n尾盾：待注浆块回厂安装','缺中盾注浆块和尾盾注浆块。','','张天雄'),(363,25,'6.11','搅拌站验收','','','万慧祥'),(364,12,'525','563','56','',''),(365,47,'2016年6月9号','第八个粉仓立罐完工。\r\n螺旋管拼联接\r\n油漆喷漆','','','罗大强'),(366,47,'2016年6月10号','主机内部吊装料斗\r\n斜皮带拼联\r\n油漆喷完五个粉仓','','','罗大强'),(367,47,'2016年6月11号','等货，现场做一部分小活','','','罗大强'),(368,32,'2016.6.4','陇料抖衬板裂一块','','',''),(369,32,'2016.6.8','陇料抖衬板又开裂一块，陇料抖抖身裂了一个半米的口子','工地上一下家一个人没，就我一个人在工地，','货炊了几天现在还没到',''),(370,28,'16.6.5\r\n\r\n16.6.10\r\n16.6.11\r\n','2#站第一台开始生产，第二台调试完成\r\n3#站1#线开始出灰\r\n2#站已生产混凝土1万方','','','陈彦林（严涛）\r\n\r\n陈彦林（周飏）\r\n陈彦林（严涛）'),(371,22,'6.3','93、94#已出灰','','','陈彦林（周刊）'),(372,12,'2016.6.12','刀盘导箱焊接完成。保经刀焊接。','','','方锦荣'),(373,57,'2016.6.12','上海局115刀盘刀箱定位，焊接。其他刀座未回。','','','方锦荣'),(374,130,'2016.6.12','刀盘支腿部件制作完成，报检未合格，整改。','','','方锦荣'),(375,131,'2016.6.12','刀盘件69.70.72.73.74管路焊接完成，试压检测。支腿部件放样划线打磨。','','','方锦荣'),(376,122,'2016.6.10','1.支腿及连接梁焊接；2、主梁隔板拼装','','','陈建'),(377,122,'2016.6.12','1、主梁节段拼装；2、下翻转机构拼装；3、小车拼装','','','陈建'),(378,75,'2016.6.10','1、小车拼装；2、主梁校正及装筋板；','','','陈建'),(379,75,'2016.6.12','1、小车拼装；主梁及支腿校正；2、防雨罩型材下料；','1、走台栏杆图纸今天才下发；2、下料进度太慢影响制作；','','陈建'),(380,75,'2016.6.13','1、防护罩拼装；2、下横梁隔板拼装；3、小车拼装；4、校正','','','陈建'),(381,122,'2016.6.13','1、主梁节段拼装；2、小车型材下料及拼装；3、吊牌制作','1、下料进度太慢影响制作；2、厚度为20钢板目前还在砂场，影响下料','','陈建'),(382,12,'2016.6.13','刀盘油管法兰未加工完，待料。','','已经跟机加厂和生产部联系。14号上午交给结构厂。','方锦荣'),(383,48,'2016.6.13','前盾：加工\r\n中前：外观处理\r\n中后：加工\r\n尾盾：安装观察窗','打磨工人员不足','','魏志刚'),(384,57,'2016.6.13','上海局115刀箱一面焊接完成，刀座定位开始装配。','','','方锦荣'),(385,49,'2016.6.13','前盾：安质部检验合格，未厂检\r\n中盾：整体焊接；待油缸座安装\r\n尾盾：待注浆块回厂','前盾焊缝及外观处理后报厂检','','魏志刚'),(386,130,'2016.6.13','刀盘支腿整改，水压试验。','内环定位间隙大。需要从新压元弧。','','方锦荣'),(387,131,'2016.6.13','支腿拼装。','','','方锦荣'),(388,50,'2016.6.13','前盾：整体焊接\r\n中盾：整体焊接，待安装注浆（未加工）油缸座（未加工）\r\n尾盾：待注浆块回厂安装','前盾待螺旋机筒回厂\r\n中盾待注浆块回厂、待油缸座加工（19号加工完成）\r\n尾盾待注浆块回厂','14号翻面焊接，打磨人员不够','魏志刚'),(389,130,'2016.6.13','铆三班A环壳体调校，法兰拼好，拼隔板\r\n铆一班B环调校完成，待安装法兰、筋板\r\n铆一班C.F环拼接调校完成\r\n铆一班D.E环卷板完成','E环在处理坡口外观','','魏志刚'),(390,131,'2016.6.13','铆六班A环法兰拼接完成，壳体在调校\r\n铆四班B环法兰隔板完成，壳体在调校\r\n铆四班E环在调校\r\n铆四班C.D.F环在处理坡口','B环C.D.F环在处理坡口','','魏志刚'),(393,28,'2016-6-12','2#站斜皮带外封安装完毕.4条线正常生产。       3#第一台正常生产，第二台拼装斜皮带。第三四台拼装平皮带及焊接骨架.','','2#站客户用了我们6块彩钢瓦导致斜皮带外封不够.客户自己购买.','严涛'),(394,28,'2016-6-13','2#站4条线全部正常生产.                                    3#站第一台正常生产，第二台吊装斜皮带。第三四台因客户没有斜、平皮带无法安装.晚上加班浇灌基础.','','','严涛'),(395,12,'2016.6.13','1、推进油缸可以伸出，但无法缩回\r\n2、螺旋输送机伸出缩回正常\r\n3、螺旋机转动正常\r\n4、螺旋机两道闸门开关正常\r\n5、泡沫系统柜体安装和螺杆泵安装','','','连永昌'),(396,12,'2016.6.13','1、推进油缸可以伸出，但无法缩回\r\n2、螺旋输送机伸出缩回正常\r\n3、螺旋机转动正常\r\n4、螺旋机两道闸门开关正常\r\n5、泡沫系统柜体安装和螺杆泵安装','','','连永昌'),(397,47,'2016年6月12号','配料仓到货2车，主楼接控制线，卸车、按装粉仓爬梯。\r\n\r\n项目部通知清场，说要场地硬化，态度非常强硬。\r\n','','','罗大强'),(398,47,'2016年6月13号','场地硬化，只能在后场装配料仓及平皮带。','','','罗大强'),(399,47,'2016年6月14号','主楼下场地硬化。吊车只能后侧面吊装左边斜皮带架。','项目部姓汪的经理态度强硬，说反正我公司已向指挥部打过报告的，就再耽误咱们几天也无所谓。如果我们不挪地，他就找人挪，到时候扣我们的款，还说如果我们阻拦或是现场有人动手他就清场。','','罗大强'),(400,12,'2016.6.15','刀盘油管安装法兰。','','','方锦荣'),(401,57,'2016.6.15','上海局115刀盘刀座安装完成，转地方焊接。','','','方锦荣'),(402,130,'2016.6.15','水压试验完成，支腿开始拼装，内圆弧板需要调整弧度。','','','方锦荣'),(403,48,'2016.6.15','前盾：加工\r\n中前：尺寸报检\r\n中后：加工\r\n尾盾：待注浆管回厂','尾盾注浆管尽快完成加工','','张天雄'),(404,49,'2016.6.15','前盾：厂检后，外观处理，今天完成后待回厂\r\n中盾：盾体完成打磨后翻面，安装油缸座\r\n尾盾：待注浆块回厂','待注浆块回厂','','张天雄'),(405,50,'2016.6.15','前盾：翻面焊接，待安装人仓和螺旋机座\r\n中盾：整体焊接\r\n尾盾：缺注浆块','注浆块尽快回厂','','张天雄'),(406,119,'2015.6.15','装备在厂内已完成调试发货，13号开始发货','','','张天雄'),(407,75,'2016.6.14','1、主梁上胎架；2、小车拼装','','','陈建'),(408,122,'2016.6.14','1、主梁节段拼装；2、小车放附件制作；3、支腿及下横梁焊接','','','陈建'),(409,51,'2016.6.11','紧螺丝','','',''),(410,51,'2016.6.12','上电缆卷盘 焊接灯架等零件','','',''),(411,51,'2016.6.13','上午被监理喊停了 下午放了一部分线','','',''),(412,51,'2016.6.14','放线完成','','',''),(413,75,'2016.6.15','1、主梁上胎架后校正；2、栏杆制作；3、小车制作','小车连接法兰未钻孔影响小车装配','','陈建'),(414,75,'2016.6.16','1、主梁装轨道、连接板；2、轨道装焊','','','陈建'),(415,122,'2016.6.15-6.16','1、主梁节段拼焊；2、小车架制作；','','','陈建'),(416,51,'2016.6.15','接线','','',''),(417,28,'2016-6-14','2#4条线全部正常生产。                                     3#第一台正常生产，第二台等客户装操作室接线。第三四台安装平皮带.','','','严涛'),(418,28,'2016-6-15','2#4条线全部正常生产.                                        3#第一台正常生产，第二台等客户装操作室接线。第三四台拼装斜皮带.','','','严涛'),(419,28,'2016-6-16','2#生产正常.                                                        3#第一台正常生产，第二台还是等待中。第三四台安装斜皮带.第一二台开始封外封.','','','严涛'),(420,28,'2016-6-17','2#生产正常，                                                      3#第一台正常生产，第二台还是在等。第三四台安装配料机。第一二台外围已经封了一半','','2#主楼基础高低不平客户土建问题，导致中间仓蝶阀打不开现已经搞好.','严涛'),(421,75,'2016.6.17-18','1、主梁轨道焊接、栏杆试装及装焊踢脚板；2、小车制作；3、连接板钻孔；','小车材料下料进度慢影响小车制作','6.18夜班主梁整体翻面','陈建'),(422,122,'2016.6.17-18','1、主梁节段焊接；2、主梁连接板钻孔；3、小车制作','','','陈建'),(423,37,'16.6.15','组装平皮带机两套，吊装配料机\r\n组斜皮带架子','','','罗南祥'),(424,37,'16.6.16','安装斜皮带托辊，平皮带托辊','','',''),(425,37,'16.6.17','吊装斜皮带，一台控制室安装','','',''),(426,37,'16.6.18','安装控制室，走线槽，配料机加高板组装','','','罗南祥'),(427,12,'2016.6.18','刀盘安装刀具，铆一班等待刀盘翻身后焊接6块筋板。','','','方锦荣'),(428,57,'2016.6.18','115刀盘刀面刀座焊接完成。待刀盘翻身后焊接。','由于75吨车间行车还在安装整改，刀盘未能翻身。','','方锦荣'),(429,130,'2016.6.18','刀盘内元环板已经定位两块，另外两块切割完成，打磨后定位安装。','','','方锦荣'),(430,131,'2016.6.18','刀盘支腿制作完成，焊接还有一块未完。拼装放样已经完成，报检后开始整体拼装。','','','方锦荣'),(431,51,'2016.6.16','接线','','',''),(432,51,'2016.6.17','接线 通电大电','','',''),(433,51,'2016.6.18','调试','','',''),(434,12,'2016.6.20','刀盘装刀，装油管。','','','方锦荣'),(435,57,'2016.6.20','刀盘已经翻身，装刀座挡块。','','','方锦荣'),(436,130,'2016.6.20','刀盘另外两块内弧板安装。','','','方锦荣'),(437,131,'2016.6.20','刀盘支腿焊接完成，件1上台架定位，件4，件10定位。','','','方锦荣'),(438,37,'16.6.20','下暴雨，水泥仓无法进入工地','','','罗南祥'),(439,48,'2016.6.','前盾：加工\r\n中前：涂装后转机加\r\n中后：加工\r\n尾盾：安装注浆块盖板','注浆块盖板底部机加工件','','张天雄'),(440,48,'2016.6.20','前盾：加工\r\n中前：加工\r\n中后：加工\r\n尾盾：焊接注浆块盖板','缺加工件（乌龟壳）','上面一行时间为2016.6.18','张天雄'),(441,49,'2016.6.17','前盾：回厂涂装\r\n中盾：油缸座焊接\r\n尾盾：待注浆块回厂','','','张天雄'),(442,49,'2016.6.18','前盾：完成涂装，转机加工厂\r\n中盾：整体焊接\r\n尾盾：待注浆块回厂','缺注浆块','','张天雄'),(443,49,'2016.6.20','前盾：\r\n中盾：完成整体焊接和外观处理\r\n尾盾：待注浆块回厂','缺尾盾注浆块','','张天雄'),(444,49,'2016.6.21','前盾：\r\n中盾：尺寸调校，准备报检\r\n尾盾：待注浆块回厂','缺尾盾注浆块','','张天雄'),(445,50,'2016.6.18','前盾：安装人仓，缺螺旋机座子\r\n中盾：整体焊接\r\n尾盾：缺注浆块','缺尾盾注浆块','','张天雄'),(446,50,'2016.6.20','前盾：完成整体焊接，，缺前盾螺旋机座\r\n中盾：整体焊接\r\n尾盾：缺注浆块','缺一个中盾注浆块和所有尾盾注浆块（螺旋机座因为母材材质原因无法安装，重新制作）','','张天雄'),(447,75,'2016.6.20-21','1、主梁整体翻面后校正；2、装与支腿连接大法兰；3、栏杆平台制作；4、支腿取样','','','陈建'),(448,122,'2016.6.20-21','1、连接梁装连接座；2、主梁节段焊接；3、小车附件制作','','','陈建'),(449,51,'2016.6.19','调试','','',''),(450,12,'2016.6.21','刀盘更换吊耳，吊耳需要机加。','','','方锦荣'),(451,57,'2015.6.21','刀盘刀座挡块焊接。','','','方锦荣'),(452,130,'2016.6.21','刀盘整体拼装报检合格，业主要求做压力试验。','需要高压试验。','','方锦荣'),(453,131,'2016.6.21','刀盘定位，内弧板需要从新压弧。','','','方锦荣'),(454,75,'2016.6.22','1、主梁下胎架；2、主梁补焊、打磨；3、支腿试拼装法兰；','','6.23日主梁补焊、打磨报检准备转打砂','陈建'),(455,122,'2016.6.22','1、主梁焊接；2、支腿试拼；2、小车附件制作','','','陈建'),(456,12,'2016.6.23','刀盘吊耳已安装。','','','方锦荣'),(457,57,'2016.6.23','刀盘刀箱，刀座焊接完成。','','','方锦荣'),(458,130,'2016.6.23','刀盘整体加焊，整体焊接。','已经联系生产部做高压试验。','','方锦荣'),(459,131,'2016.6.23','由于卷板机淹水，电机等需要烘干。待工','电机已经烘干下午回厂，待卷板机修复后卷圆。','','方锦荣'),(460,11,'2016-06-23',' 陕西延安100t门吊，已取证，四台现场全部调试，等待甲方验收，','由于甲方这边原因，有两台100t门吊驾驶室和现场10t门吊轨道前后距离高度有差距，需要整改，','','田城钢'),(461,11,'2016-06-23',' 陕西延安100t门吊，已取证，四台现场全部调试，等待甲方验收，','由于甲方这边原因，有两台100t门吊驾驶室和现场10t门吊轨道前后距离高度有差距，需要整改，','','田城钢'),(462,47,'2016年6月16号','2号线斜皮带架联接安装，走线槽。','','','罗大强'),(463,47,'2016年6月17号','主楼场地硬化，(场地硬化从13号开始)拼第九个粉仓。','','','罗大强'),(464,47,'2016年6月18号','场地硬化全部完成，第十个粉仓拼完，主杌水路安装。\r\n坐18点18分火车到成都催货。','','','罗大强'),(465,47,'2016年6月19号','9点45分到成都，未见货到。\r\n11点坐成都至德昌中巴20点1O分到麻历。\r\n粉仓支腿拼接，斜皮带走线。','','','罗大强'),(466,47,'2016年6月20号','第九，十粉仓立罐。','','','罗大强'),(467,47,'2O16年6月22号','7点30分坐中巴到成都接货，现场大雨。\r\n13点货到成都，办理通行证。','','','罗大强'),(468,47,'2016年6月23号','配粉机到现场，卸货，配料机拼联，平皮带机按装，配料机安装。','','','罗大强'),(469,46,' 6.20','下午到宜春','天气炎热，场地小，基础慢，正在沟通','','万慧祥'),(470,46,'6.21','拼第二个水泥仓','','','万慧祥'),(471,46,'6.21','拼第二个水泥仓','岳首一个人现场安装，当地找个三个民工。天气太热','','万慧祥'),(472,46,'6.23','拼第二个水泥仓，立第二个水泥仓','','','万慧祥'),(473,46,'6.24','拼第三个水泥仓','','','万慧祥'),(474,12,'6.23','刀盘管路（超挖刀）还在设计更改中，注浆泵配件（快速卡箍、刀阀等）还未到厂。','','','陈彦林'),(475,57,'2016.6.25','尾盾密封环上平台调平，壳体检查圆度后报检，','','壳体报检合格后与密封环对接','魏志刚'),(476,48,'2016.6.25','尾盾在整体调校，计划27号完成报检','','',''),(477,49,'2016.6.25','前盾：在加工\r\n中盾：已报检，待涂装\r\n尾盾：待注浆块回厂','','中盾25号下午3点厂检','魏志刚'),(478,50,'2016.6.25','前盾：待螺旋机座\r\n中盾：外观处理\r\n尾盾：缺注浆块','','螺旋机座因为母材材质原因无法安装，待重新制作','魏志刚'),(479,130,'2016.6.25','铆三班A环在整体焊接\r\n铆一班B环在整体焊接\r\n铆一班C.D环待隔板加工\r\n铆一班E.F环在切割注浆块\r\n','','CD环隔板要求机加厂加快进度\r\nE.F环注浆块尽快安排加工','魏志刚'),(480,131,'2016.6.35','铆六班A环安装法兰\r\n铆四班B环壳体在调校\r\n铆四班EF环在整体焊接\r\n铆四班C.D环待隔板加工','','C.D环隔板和EF环注浆块要求机加厂尽快加工完成','魏志刚'),(481,12,'2016.6.25','刀盘待装完油管后翻身焊封板。','','','方锦荣'),(482,57,'2016.6.25','刀盘焊接牛腿，管路封板。','','','方锦荣'),(483,130,'2016.6.25','刀盘待试压。生产部联系6.27号星期一做。','','','方锦荣'),(484,131,'2016.6.25','卷板机未修复，周一才能维修。','','','方锦荣'),(485,37,'16.6.24','吊装6个水泥仓','','','罗南祥'),(486,37,'16.6.25','下雨一整天，倒运一个水泥仓进场','','','罗南祥'),(487,32,'16.5.15','过滤水杯坏掉一个','4天才到','',''),(488,32,'16.6.15','过滤水杯坏掉一个','4天才到','',''),(489,32,'16.6.25','\r\n斜皮带尾端漏料加。\r\n减速机今天修好。\r\n','','',''),(490,12,'6.26','刀盘转场安装（130T吊车），因中心回转体、主驱动、刀盘设计不周导致主驱动与刀盘无法连接以失败告终。','技术部已确定更改方案。','问题导致7人工和0.5台班吊车浪费。','陈彦林'),(491,137,'16.6.26','在多次催促下上了高压，但低压推不上去导致刀盘无法安装（130T吊车）吊车延误半个台班，车间刀盘因新装125T桁车导致桁车中心与刀盘中心差2m改改用吊车产生台班。','电气人员反应太慢。','因电气、液压人员工作未到位导致0.5天*6人窝工（浪费）。','陈彦林'),(492,32,'16.6.26','从动滚筒开裂，\r\n调斜皮带','','晚上6.00弄完',''),(493,46,'6.25','拼第三个水泥仓','','','万慧祥'),(494,46,'6.26','等主机货到，等电控发货','','','万慧祥'),(495,46,'6.27','等主机货到，等电控货到，现场做斜皮带平皮带基础','','','万慧祥'),(496,37,'2016.6.26','焊接水泥仓支腿，外装修材料进场','','','罗南祥'),(497,37,'2016.6.27','下雨一整天','','',''),(498,12,'6.27','注浆泵底座加固安装，中心回转体拆除加工及安装密封坏了需采购更换，盾尾油脂泵维修。注浆管制作，变频器电气部落实。','','拆除更换浪费人工4人1.5天。',''),(499,137,'16.6.27','主驱动2#电机软启动损坏，泡沫改造还未完成，设计院也未来人处理液压。发现泥浆泵损坏，9点方向推进传感器有问题，铰接油缸传感器有问题。','电气人员不能及时到位。','','陈彦林'),(500,20,'6.26\r\n\r\n\r\n6.27','1、业主通知主驱动8月9日开始拆除\r\n2、与生产、市场沟通TT打包加快事宜无人落实，没有结果；\r\n3、结构件转厂已完成。\r\n1、车间集装箱已全部转至靠2#车间旁','场地无法清空','\r\n\r\n转厂8人工；\r\n\r\n转集装箱4人工；','陈彦林'),(501,49,'2016.6.28','前盾：\r\n中盾：回厂涂装\r\n尾盾：待注浆块回厂','缺尾盾注浆块','中盾26号回厂','张天雄'),(502,50,'2016.6.28','前盾：待螺旋机座\r\n中盾：尺寸调整、\r\n尾盾：缺注浆块','','','张天雄'),(503,134,'2016.6.28','前盾：待下料\r\n中盾：待卷板\r\n尾盾：待下料','卷板机电机被水淹未修理好','','张天雄'),(504,47,'2016年6月24号','斜皮带吊装，膨胀剂螺旋装配。','','','罗大强'),(505,47,'2016年6月25号','斜皮带调整，线路联接，粉仓平台走台制作。','','','罗大强'),(506,47,'2016年6月26号','螺旋管吊装，调整，线路联接。','','','罗大强'),(507,57,'2016.6.28','铆四班尾盾密封环和壳体装配报检合格','','','魏志刚'),(508,130,'2016.6.28','铆三班A环在整体焊接\r\n铆一班B环在整体焊接\r\n铆一班C.D环待隔板加工\r\n铆一班E.F环待注浆块回厂安装','铆一班1号台车下料\r\n铆六班2号、4号台车拼顶架\r\n铆四班5号台车型材下料完成','','魏志刚'),(509,57,'2016.28','刀盘边刮刀报检。需要从新定位焊接。已经安排铆五班。','','','方锦荣'),(510,131,'2016.6.28','铆六班A环在整体焊接\r\n铆四班B环在安装筋板\r\n铆四班EF环在切割注浆块\r\n铆四班C.D环待隔板加工','CD环隔板及EF环注浆块尽快加工好','','魏志刚'),(511,130,'2.28','刀盘油压35MPa保压5分钟，试验合格，搅拌棒焊接，外弧板安装。','','','方锦荣'),(512,131,'2016.6.28','卷板机维修中，内弧板等待卷圆。刀盘高压试验需要更换接头。','','','方锦荣'),(513,127,'2016.6.28','刀盘翻身焊接刀箱，焊接牛腿耐磨焊，外周焊接耐磨板。','因边刮刀座26号才回，刀盘已经翻身。还需翻身装边刮刀座，','','方锦荣'),(514,75,'6.23-6.28','1、主梁打磨、报检；2、小车制作；3、支腿打磨、报检','','截止6.28日、主梁、支腿、连接梁、下横梁及连接板已转砂场','陈建'),(515,122,'2016.6.23-6.28','1、小车制作；2、走台栏杆制作；3、主梁焊接','','6.29日主梁准备试拼','陈建'),(516,32,'16.6.27','昨天焊好的滚筒今天又开裂了','岳手答应三包，三天后才能发货','',''),(517,75,'2016.6.29','1、主梁已打砂4件；2、小车打磨报检；3、防雨罩制作；','下翻转机构机加车间未钻孔及加工影响制作进度','明天上午转打砂','陈建'),(518,122,'2016.6.29','1、主梁上胎架；2、防雨罩制作；3、吊具梁制作；','','6.31主梁整体翻面','陈建'),(519,75,'2016.6.30','1、小车架已转打砂；2、主梁已打砂底漆4件；3、防雨罩制作；3、小车主起升卷筒座制作；','下翻转机构机加车间未钻孔及加工影响制作进度','','陈建'),(520,75,'2016.6.30','1、小车架已转打砂；2、主梁已打砂底漆4件；3、防雨罩制作；3、小车主起升卷筒座制作；','下翻转机构机加车间未钻孔及加工影响制作进度','','陈建'),(521,75,'2016.6.30','1、小车架已转打砂；2、主梁已打砂底漆4件；3、防雨罩制作；3、小车主起升卷筒座制作；','下翻转机构机加车间未钻孔及加工影响制作进度','','陈建'),(522,122,'2016.6.30','1、主梁试拼；2、防雨罩制作；3、小件收尾','','','陈建'),(523,122,'2016.6.30','1、主梁试拼；2、防雨罩制作；3、小件收尾','','','陈建'),(524,122,'2016.6.30','1、主梁试拼；2、防雨罩制作；3、小件收尾','','','陈建'),(525,122,'2016.6.30','1、主梁试拼；2、防雨罩制作；3、小件收尾','','','陈建'),(526,122,'2016.6.30','1、主梁试拼；2、防雨罩制作；3、小件收尾','','','陈建'),(527,122,'2016.6.30','1、主梁试拼；2、防雨罩制作；3、小件收尾','','','陈建'),(528,122,'2016.6.30','1、主梁试拼；2、防雨罩制作；3、小件收尾','','','陈建'),(529,122,'2016.6.30','1、主梁试拼；2、防雨罩制作；3、小件收尾','','','陈建'),(530,49,'2016.6.30','\r\n前盾：在加工\r\n中盾：在加工\r\n尾盾：安装注浆块','','','魏志刚'),(531,50,'2016.6.30','前盾：待螺旋机座\r\n中盾：外观处理\r\n尾盾：待缺注浆块','','','魏志刚'),(532,130,'2016.6.30','铆三班A环在整体焊接\r\n铆一班B环在整体焊接\r\n铆一班C.D环安装隔板、筋板\r\n铆一班E.F环待注浆块回厂安装','铆一班1号台车下料、3号台车待下料\r\n铆六班2号、4号台车焊接顶架\r\n铆四班5号台车拼顶架','料厂行车待维修，3号台车料倒不过来\r\nEF环注浆块还没有外协加工','魏志刚'),(533,131,'2016.6.30','铆六班A环在整体焊接\r\n铆四班B环在安装隔板\r\n铆四班EF环待注浆块\r\n铆四班C.D环待隔板加工','','C.D环隔板和EF环注浆块要求机加厂尽快加工完成','魏志刚'),(534,12,'2016.6.30','刀盘已挂上，外面封板安装焊接。','','','方锦荣'),(535,57,'2016.6.30','114刀盘边刮刀已气刨下来。打磨焊道。','','','方锦荣'),(536,130,'2016.6.30','刀盘外周弧板安装半边。','','','方锦荣'),(537,131,'2016.6.30','待卷板机维修中。','','','方锦荣'),(538,137,'6.28-30','28-30泡沫系统改造接线夏海波含加班，28日刀盘安装完成（老周130T吊车），从装备购买一根主驱动油管，28日发现问题刀盘启动扭矩过大，电机软启动损坏需维修更换。','电气人员还未到位。','',''),(539,54,'6.20','二号站倒运左站五个罐子','','','周刊'),(540,54,'6.21','二号站支腿','下雨','','周刊'),(541,54,'6.22','二号站拼支腿立罐','下雨','','周刊'),(542,54,'6.23','二号站立罐加固水泥仓支腿\r\n一号站平场地挖粉仓基础','','','周刊'),(543,54,'6.28','二号站倒运右站五个罐子','','','周刊'),(544,54,'6.29','二号站立罐五个','','','周刊'),(545,54,'6.30','二号站加固水泥仓支腿焊走台\r\n一号站下水泥仓下锥体的料','下雨','','周刊'),(546,46,'6.28','停工等待皮带基础，等待主楼货到','','','万慧祥'),(547,46,'6.29','接林青去现场，回公司','','','万慧祥'),(548,46,'6.30','主楼到货三车，卸货，电控到货','','','万慧祥'),(549,75,'2016.7.1','1、车轮座制作；2、防雨罩制作','由于受天气影响，涂装滞后','车轮座图纸技术部今天才下发。截止目前104#门吊除吊具梁、车轮座、防雨罩外其余已铆焊制作完成转机加及打砂','陈建'),(550,122,'2016.7.1','1、主梁装与支腿连接大法兰；2、上翻转机构制作；3、走台栏杆打砂油漆','','7.3主梁整体翻面','陈建'),(551,136,'2016.7.1','1、主梁主腹板下料；2、隔板委外下料','由于物资采购副腹板宽度为2000，后期副腹板需拼接，拼接后将会产生变形影响主梁外观平整度','','陈建'),(552,54,'7.4','二号站主楼控制室基础完毕，斜皮带基础支模\r\n一号站罐子卷筒五个，开始对上下锥体','下雨','','周刊'),(553,57,'2016.7.5','铆四班尾盾密封环和壳体焊接完成，安装油缸座','','11号报安质部检','魏志刚'),(554,48,'2016.7.5','前盾：加工\r\n中前：加工\r\n中后：加工\r\n尾盾：加工','','','魏志刚'),(555,49,'2016.7.5','前盾：在加工\r\n中盾：在加工\r\n尾盾焊接注浆块','','7月9号尾盾报检合格送涂装',''),(556,50,'2016.7.5','前盾：待螺旋机座\r\n中盾：报检合格，待涂装\r\n尾盾：待缺注浆块','前盾螺旋机座和尾盾注浆块什么时候回厂','要求中盾7号涂装完成','魏志刚'),(557,130,'2016.7.5','铆三班A环已经翻面焊接\r\n铆一班B环已经翻面焊接\r\n铆一班C.D环安装筋板\r\n铆一班E.F环待注浆块回厂安装','铆一班1号台车底架拼好、3号台车下料\r\n铆六班2号、4号台车开始总拼\r\n铆四班5号台车开始总拼\r\n6号台车底架开始制作','1号台车型材没有到\r\nEF环注浆块还没有外协加工','魏志刚'),(558,131,'2016.7.5','铆六班A环整体焊接完成40%\r\n铆四班B环报检合格，在焊接\r\n铆四班EF环待注浆块\r\n铆四班C.D环待隔板安装完成，在焊接','B环内环板和限位环待卷板','注浆块待外协','魏志刚'),(559,139,'2016.7.5','铆一班前盾待料\r\n铆一班中盾壳体下料完成\r\n铆三班尾盾密封环下料完成','前盾壳体，尾盾壳体料铆一到','','魏志刚'),(560,140,'2016.7.5','铆四班前盾发图纸\r\n铆四板中盾发图纸\r\n铆四班尾盾发图纸','待下料','','魏志刚'),(561,141,'2016.7.5','前盾壳体在下料，隔板在焊接\r\n中盾壳体下料完成\r\n尾盾待下料','','','魏志刚'),(562,142,'2016.7.5','前盾壳体待下料，隔板在焊接\r\n中盾待下料\r\n尾盾待下料','','','魏志刚'),(563,75,'2016.7.5','1、防雨罩试拼；2、车轮座焊接打磨','','','陈建'),(564,122,'2016.7.5','1、主梁整体翻面；2、支腿法兰焊接','','','陈建'),(565,136,'2016.7.5','1、主梁隔板拼装；2、走台栏杆及防雨罩委外制作','','','陈建'),(566,47,'2016年7月5号','整站按装工程全部完成，空载调试正常，静等项目部进材料后打料调试。','','','罗大强'),(567,37,'2016.7.6','一台空载调试完成，无原材料，正在外装修，喷漆','','','罗南祥'),(568,57,'2016.7.8','铆四班尾盾密封环和壳体焊接完成，油缸座安装焊接完成，待圆钢安装','','料场门吊待维修，用汽车吊倒圆钢，用3号车间小卷板机卷圆','魏志刚'),(569,49,'2016.7.8','铆四班前盾：在加工\r\n铆四班中盾：在加工\r\n铆四班尾盾:注浆块安装完成，在安装加强环','','9号报检送涂装','魏志刚'),(570,50,'2016.7.8','铆一班前盾：待整改螺旋机座\r\n铆四班中盾：在涂装\r\n铆六班尾盾：待缺注浆块','','铆六班尾盾运到毅恒场地制作，空出一号车间制作昆明桥','魏志刚'),(571,130,'2016.7.8','铆三班A环焊接完成，在外观处理10号报安质部检，11号业主检\r\n铆一班B环8号焊完，12号报安质部检\r\n铆一班C.D环安装，焊接筋板\r\n铆一班E.F环待注浆块回厂安装','铆一班1号台车底架拼好、3号台车下料完成\r\n铆六班2号、4号台车总拼完成\r\n铆四班5号台车总拼完成\r\n6号台车部件制作完成，7号部件制作','EF环注浆块还没有外协加工','魏志刚'),(572,131,'2016.7.8','铆六班A环焊接完成90%，13号报检\r\n铆四班B环报检合格在整体焊接，\r\n铆四班EF环待注浆块\r\n铆四班C.D环筋板安装焊接','B环内环板和限位环待卷板，待卷板机维修好定工期\r\nCD环7月15号报检\r\nEF环待注浆块回厂定工期','注浆块待外协','魏志刚'),(573,139,'2016.7.8','铆一班前盾壳体开始下料\r\n铆一班中盾壳体下料完成\r\n铆三班尾盾密封环下料完成，壳体处理没有回厂','','卷板机在维修','魏志刚'),(574,140,'2016.7.8','铆四班前盾壳体在下料\r\n铆四板中盾壳体下料完成，待卷板\r\n铆四班尾盾密封环待卷板，壳体待材料回厂','','','魏志刚'),(575,141,'2016.7.8','前盾壳体、法兰下料完成，隔板在焊接\r\n中盾壳体、法兰下料完成\r\n尾盾厚壳体，密封环下料完成，薄壳体待材料回厂','','','魏志刚'),(576,142,'2016.7.8','前盾壳体、法兰下料完成，隔板在焊接\r\n中盾壳体、法兰下料完成\r\n尾盾厚壳体，密封环下料完成，薄壳体待材料回厂','','卷板机在维修','魏志刚'),(577,28,'6.18-6.28','2#生产正常。                                                      3#4条线安装完毕.','','','严涛'),(578,28,'6.29-7.5','2#等待验收.                                                        3#第一二台正常生产，第三四台等配件安装.','','','严涛'),(579,28,'7.6','2#整改客户提出的问题.                                      3#全部安装完毕.','','','严涛'),(580,28,'7.7','2#整改客户提出问题.                                         3#正常生产.','','','严涛'),(581,28,'7.8','2#整改客户提出问题.                                          3#正常生产.','','配料机边墙倒塌导致传感器损坏2个，客户要求我方发4个他们出钱.今天传感器已到，客户已签字.','严涛'),(582,37,'7.9','两台空载调试完成，等待通大电生产','','','罗南祥'),(583,54,'7.9','一号站粉仓基础完毕\r\n二号站主楼控制室斜皮带基础完毕，主机螺旋电控到货','','','周刊'),(584,54,'7.10','二号站主机螺旋卸货一车','','','周刊'),(585,32,'16.7.1','五处漏气地方','','7.1整完',''),(586,32,'16.7.4','罐子下料慢','罐子里有灰，蝶阀关不了','7.10修好一个水泥蝶阀，可以轻松开关。还有一罐子里面有灰不敢修',''),(587,54,'7.11','二号站到货三车，卸货两车半','','','周刊'),(588,57,'2016.7.12','铆四班尾盾在外观处理，圆度调校','','因壳体圆度偏差大，壳体调校影响工期','魏志刚'),(589,48,'2016.7.12','前盾：验收完成\r\n中前：验收完成\r\n中后：验收完成\r\n尾盾：验收完成，在涂装','','','魏志刚'),(590,49,'2016.7.12','铆四班前盾：在机加厂\r\n铆四班中盾：在机加厂\r\n铆四班尾盾:注浆块加强环焊接完成，在调校壳体','','尾盾计划9号验收，应料场行车坏了影响圆钢安装','魏志刚'),(591,50,'2016.7.12','铆一班前盾：待整改螺旋机座\r\n铆四班中盾：在涂装\r\n铆六班尾盾：待缺注浆块','','需要加工厂给出注浆块回厂节点','魏志刚'),(592,130,'2016.7.12','铆三班A环安质部、业主验收合格，\r\n铆一班B环在外观处理，圆度调校\r\n铆一班C.D环安装，焊接筋板\r\n铆一班E.F环待注浆块回厂安装','铆一班1号台车底架拼好、3号台车开始总拼\r\n铆六班2号、4号台车总拼完成\r\n铆四班5号台车总拼完成\r\n6号台车部件制作完成，7号部件制作','A环13号开始涂装\r\nB环圆度偏差过大，在调校\r\nEF环注浆块回厂节点？\r\n台车花纹板迟迟不能外协？','魏志刚'),(593,131,'2016.7.12','铆六班A环外观处理，13号报检\r\n铆四班B环报检合格在整体焊接，\r\n铆四班EF环待注浆块\r\n铆四班C.D环筋板安装焊接，待油缸座','B环内环板和限位环待卷板，待卷板机维修好定工期\r\nCD环7月15号报检，\r\nEF环待注浆块回厂定工期','CD环油缸座加工影响工期','魏志刚'),(594,139,'2016.7.12','铆一班前盾壳体、法兰、隔板下料完成，\r\n铆一班中盾壳体法兰下料完成\r\n铆三班尾盾密封环下料完成，壳体材料没有回厂','','卷板机在维修','魏志刚'),(595,140,'2016.7.12','铆四班前盾壳体法兰下料完成\r\n铆四板中盾壳体法兰下料完成，待卷板\r\n铆四班尾盾密封环待卷板，壳体待料','','待卷板机维修','魏志刚'),(596,141,'2016.7.12','前盾壳体、法兰下料完成，隔板焊接完成\r\n中盾壳体、法兰下料完成\r\n尾盾厚壳体，密封环下料完成，薄壳体待材料回厂','','卷板机待维修','魏志刚'),(597,54,'7.12','二号站卸货半车，理货','','','周刊'),(598,37,'7.13','两台试生产','','','罗南祥'),(599,37,'7.13','两台试生产','','','罗南祥'),(600,137,'7.8\r\n\r\n7.9','电机软启动已拆出检查，泡沫系统变频器发现损坏（挤压泵没力矩）\r\n2根推进油缸和一根铰接油缸传感器损坏，已委外维修。','','','陈彦林'),(601,48,'2016.7.14','前盾：涂装面漆\r\n中前：涂装面漆\r\n中后：涂装面漆\r\n尾盾：注浆块保压，涂装面漆','','','张天雄'),(602,50,'2016.7.14','铆一班前盾：转砂场涂装底漆\r\n铆四班中盾：已转机加工\r\n铆六班尾盾：待缺注浆块','前盾螺旋机座子加工','','张天雄'),(603,134,'2016.7.14','前盾：待卷板，法兰、隔板已经完成焊接\r\n中盾：正在卷板，法兰正在焊接\r\n尾盾：待卷板，密封环大卷板','卷板机昨天修理调试完成，今天正式投入使用','','张天雄'),(604,140,'2016.7.14','铆四班前盾：壳体待卷板\r\n铆四板中盾：壳体待卷板，法兰拼焊\r\n铆四班尾盾：密封环待卷板，壳体待料','','','张天雄'),(605,142,'2016.7.14','前盾壳体待卷板，隔板在焊接\r\n中盾壳体待卷板，法兰正在拼焊\r\n尾盾厚壳体，密封环待卷板，薄壳体待材料回厂','','卷板机7.13号完成维修调试，今天正常使用','张天雄'),(606,12,'2016.7.14','末次内部生产会议召开，确定了最终验收日期和相关整改项目（详见清单）','有部分整改项需生产部和技术部、物资部配合 主要是相关配件的购买','今天完成的整改项目是刀盘的换刀、爆裂油管的更换、高地梁限位的安装、同步注浆管子的连接。','刘宇炫'),(607,137,'7.14','安装双梁走行电机、变频器回厂安装后调试挤压泵、双梁遥控器已找到可接线','液压人员无法到位，导致部分管路未连，加泥和泡沫部分无法调试，已经沟通；变频器出现新问题，继续返厂回修，新到的电机齿轮与齿轮轴不匹配，走行电机机械部分需全部拆解','HBW黑油脂和盾尾油脂已打出，EP2黄油脂还未开打出。','刘宇炫'),(609,75,'2016.7.14','104#小车调试报检合格，焊接完成','大车轮组差2个，吊具梁还未加工完成','','刘宇炫'),(610,122,'2016.7.14','','小车轮组未来到，无法开工','','刘宇炫'),(611,135,'7.6','已完成螺机轴的拔出及主驱动前端盖的拆除','主驱动拆除在露天反向拆除','1舒','陈彦林'),(612,54,'7.13','二号站购买工具','下雨','','周刊'),(613,54,'7.14','二号站安装人员进厂组装一层平台，理货','下雨','','周刊'),(614,128,'7.1-7.9日\r\n\r\n\r\n\r\n7.10-13日','  上海局114#盾构完成台车转厂、中盾转车间上胎架及连线连管。\r\n\r\n  开始调试及装刀盘，发现刀盘法兰有一圈螺栓轨迹设计小了5mm，中心回转体保护套法兰孔设计轨迹有问题；中心回转体到中心块软管全部设计长了。','液压、电气人员严重不足。先设计部件问题太多。','','陈彦林'),(615,143,'16.7.7\r\n16.7.12\r\n16.7.12-7.15','主驱动主轴承已拆解出来\r\n洛轴人员到场开始检测\r\n等待确定密封是否更换，内密封最外道磨损严重的换氩弧焊修复','\r\n密封等待中','','陈彦林'),(616,57,'2016.7.16','铆四班尾盾已经报安质部验收合格','','待机加厂问题处理好后做保压试验，回厂涂装','魏志刚'),(617,49,'2016.7.15','铆四班前盾：在机加厂\r\n铆四班中盾：在机加厂\r\n铆四班尾盾:注浆块加强环焊接完成，已报安质部验收，可以加工','','','魏志刚'),(618,50,'2016.7.15','铆一班前盾：底漆涂装完成\r\n铆四班中盾：已转机加工\r\n铆六班尾盾：待缺注浆块','','生产部答复注浆块19号到\r\n前盾16号开始安装螺旋机座，18号交机加厂加工','魏志刚'),(619,130,'2016.7.15','铆三班A环在机加厂\r\n铆一班B环在涂装\r\n铆一班C.D环安装，焊接油缸座\r\n铆一班E.F环待注浆块回厂安装','铆一班1号台车、3号台车总拼完成\r\n铆六班2号、4号台车已经拆机，焊接\r\n铆四班5号台车已经拆机完成\r\n6号台车部件制作完成，铆六7号台车、桥架部件开始制作','EF环注浆块回厂节点？\r\n台车花纹板迟迟不能外协？','魏志刚'),(620,131,'2016.7.15','铆六班A环在涂装\r\n铆四班B环在整体焊接，安装围板\r\n铆四班EF环待注浆块\r\n铆四班C.D环筋板安装焊接，待油缸座','铆四班1号、2号台车部件制作完成，3号、4号在总拼，桥架待料\r\n铆六班5号、6号、7号台车待料','B环22号完成\r\nCD环22号完成','魏志刚'),(621,32,'16.7.10','罐子下料慢','蝶阀关不了','',''),(622,54,'7.15','二号站组一层平台，二层平台，吊装主机','下雨','','周刊'),(623,54,'7.16','翻转二层平台，吊装二层平台，组装螺旋，吊装装计量层','下雨','','周刊'),(624,32,'16.7.14','斜皮带漏料','工地厂量大，一边生产一边修','16.7.14修好一台斜皮带漏料','沈辉'),(625,32,'16.7.15','斜皮带漏料，换平皮带从动滚筒','滚筒太重，人手不够，就两个人换','晚上8点修完，一台斜皮带漏料，两台平皮带滚筒','沈辉'),(626,49,'2016.7.20','铆四班前盾：在机加厂\r\n铆四班中盾：在机加厂\r\n铆四班尾盾: 在机加厂加工加强环，油脂槽','','','魏志刚'),(627,50,'2016.7.15','铆一班前盾：已经交给机加厂\r\n铆四班中盾：已转机加工\r\n铆六班尾盾：待缺注浆块','','生产部答复注浆块19号到\r\n','魏志刚'),(628,139,'2016.7.20','铆一班前盾壳体、法兰、隔板焊接完成，壳体在焊接\r\n铆一班中盾壳体在焊接，法兰焊接完成\r\n铆三班尾盾密封环下料完成，壳体在调校圆度','','','魏志刚'),(629,130,'2016.7.20','刀盘翻面焊接。','','','方锦荣'),(630,131,'2016.7.20','内弧板装配。','','','方锦荣'),(631,140,'2016.7.20','铆四班前盾：壳体卷板完成，在调校\r\n铆四板中盾：壳体待卷板\r\n铆三班尾盾：密封环待卷板，壳体待料','铆四班前盾：隔板，法兰拼装完成在焊接\r\n铆四板中盾：法兰拼装焊接完成\r\n','尾盾壳体材料没有回厂','魏志刚'),(632,141,'2016.7.20','铆四班：前盾壳体在调校，法兰隔板焊接完成\r\n铆四班：中盾壳体在调校、法兰拼装完成\r\n铆四班：尾盾厚壳体卷板完成，密封环下料完成，薄壳体待卷板','','','魏志刚'),(633,142,'2016.7.20','铆一：前盾壳体在调校，隔板在焊接\r\n铆一：中盾壳体卷板完成，法兰正在拼焊\r\n铆六：尾盾厚壳体，密封环待卷板，薄壳体待卷板','','','魏志刚'),(634,130,'2016.7.20','铆三班A环在机加厂\r\n铆一班B环在机加厂\r\n铆一班C.D环焊接油缸座完成，已经翻面焊接\r\n铆一班E.F环待注浆块回厂安装','铆一班1号台车、3号台车总拼完成开始拆机\r\n铆六班2号、4号台车已经拆机，焊接，立柱已经送涂装\r\n铆四班5号台车已经拆机完成，\r\n6号台车部件制作完成，铆六7号台车、桥架部件开始制作','6、7号台车连接板没有钻孔，折弯花纹板没有回厂','魏志刚'),(635,131,'2016.7.20','铆六班A环在涂装\r\n铆四班B环在整体焊接，围板安装完成，已经翻面焊接\r\n铆四班EF环待注浆块\r\n铆四班C.D环筋板安装焊接，油缸座安装完成，开始焊接','铆四班1号、2号台车部件制作完成，3号、4号总拼完成，待折弯花纹板回厂安装。桥架待钻孔料\r\n铆六班5号、6号、7号台车待钻孔板','','魏志刚'),(636,54,'7.17','二号站拼装控制室平台，吊装控制室平台\r\n一号站倒罐，滑坡五个罐子均有损坏','下雨','','周刊'),(637,54,'7.18','二号站吊装螺旋\r\n一号站清点罐子损坏情况','','','周刊'),(638,54,'7.19','二号站拼装三层屋顶，吊装三层','下雨','','周刊'),(639,54,'7.20','二号站装配料机侧板，装泄水高压泵，主机盖开孔','下雨','','周刊'),(640,48,'2016.7.17','前盾：发货\r\n中前：发货\r\n中后：发货\r\n尾盾：发货','','','张天雄'),(641,54,'7.21','二号站组斜皮带架子，走部分水路外加剂路','下雨','','周刊'),(642,54,'7.22','一号站另五个罐子完成，现场不具备发货拼装条件\r\n二号站装斜皮带下托辊及两侧走台','下雨，一号站场地迟迟出不来导致工人怠工，一号站损坏罐子的修护方案迟迟未定','','周刊'),(643,144,'2016.6.22\r\n2016.6.23\r\n\r\n2016.6.25','台车进厂上胎架（1-6#）\r\n前中盾进厂翻身上胎架；电器开始放线\r\n拼装机、螺旋机、桥架上架','天气太热','',''),(644,57,'2016.7.25','铆四班尾盾压力试验验收合格','','26号从毅恒运回来涂装','魏志刚'),(645,49,'2016.7.25','铆四班前盾：在机加厂\r\n铆四班中盾：在机加厂\r\n铆四班尾盾: 在机加厂加工加强环，油脂槽','','尾盾机加厂在停工状态，因为镗床在加工138门框，还没有排上加工日程','魏志刚'),(646,50,'2016.7.25','铆一班前盾：已经交给机加厂\r\n铆四班中盾：已转机加工\r\n铆六班尾盾：待缺注浆块','','注浆块没有回厂，','魏志刚'),(647,130,'2016.7.26','铆三班A环在机加厂\r\n铆一班B环在机加厂\r\n铆一班C.D环在机加厂\r\n铆一班E.F环待注浆块回厂安装','铆一班1号台车、3号台车总拼完成开始拆机安装花纹板\r\n铆六班2号、4号台车已经拆机安装花纹板，焊接，立柱已经送涂装\r\n铆四班5号台车已经拆机完成，\r\n6号台车部件制作完成，铆六7号台车、桥架部件开始制作','1号、3号台车27号送涂装\r\n2号、4号台车26号送涂装','魏志刚'),(648,131,'2016.7.25','铆六班A环在涂装\r\n铆四班B环在调校壳体\r\n铆四班EF环待注浆块\r\n铆四班C.D环在处理外观','铆四班1号、2号台车部件制作完成，3号、4号总拼完成，待折弯花纹板回厂安装。桥架待钻孔料\r\n铆六班5号、6号、7号台车待钻孔板','','魏志刚'),(649,139,'2016.7.25','铆一班前盾壳体在调校、法兰、隔板焊接完成，\r\n铆一班中盾壳体在调校，法兰隔板焊接完成\r\n铆三班尾盾密封环在调校，厚壳体调校完成','','','魏志刚'),(650,140,'2016.7.25','铆四班前盾：壳体卷板焊接完成，在调校\r\n铆四板中盾：壳体在调校\r\n铆三班尾盾：密封环在调校，壳体待料','','','魏志刚'),(651,141,'2016.7.25','铆四班：前盾壳体在调校，法兰隔板焊接完成\r\n铆四班：中盾壳体在调校、法兰拼装焊接完成\r\n铆四班：尾盾厚壳体卷板完成，密封环下料完成，薄壳体待卷板','','','魏志刚'),(652,142,'2016.7.25','铆一：前盾壳体在调校，隔板法兰焊接完成\r\n铆一：中盾壳体焊接完成，法兰隔板焊接完成\r\n铆六：尾盾壳体卷板完成，密封环待卷板','','','魏志刚'),(653,54,'7.23','二号站装斜皮带上托辊架，','下雨','','周刊'),(654,54,'7.24','二号站吊装斜皮带','','','周刊'),(655,54,'7.25','二号站装斜皮带两侧护栏','','','周刊'),(656,75,'16.7.29','104#门架发运4车','','',''),(657,130,'2016.7.30','铆三班A环在机加厂\r\n铆一班B环在机加厂\r\n铆一班C.D环在机加厂\r\n铆一班E.F环待注浆块回厂安装','铆一班1号台车、3号台车在涂装\r\n铆六班2号、4号台车在涂装\r\n铆四班5号台车已经拆机完成，\r\n6号台车部件制作完成，铆六7号台车、桥架部件开始制作','','魏志刚'),(658,131,'2016.7.30','铆六班A环在加工\r\n铆四班B环在外观处理\r\n铆四班EF环待注浆块\r\n铆四班C.D环在处理外观','铆四班1号、2号台车部件制作完成，3号、4号总拼完成，待折弯花纹板回厂安装。桥架待钻孔料\r\n铆六班5号、6号、7号台车待钻孔板','B环8月1号报检\r\nC.D环8月3号报检','魏志刚'),(659,139,'2016.7.30','铆一班前盾隔板安装完成，\r\n铆一班中盾隔板安装完成\r\n铆三班尾盾密封环已经交加工厂，厚壳体调校完成','','','魏志刚'),(660,140,'2016.7.30','铆四班前盾：壳体卷板焊接完成上法兰 调校\r\n铆四板中盾：壳体上法兰调校圆度\r\n铆三班尾盾：密封环交加工厂，壳体卷板完成','','','魏志刚'),(661,141,'2016.7.30','铆四班：前盾壳体上法兰对接调校\r\n铆四班：中盾壳体在上法兰上调校圆度\r\n铆四班：尾盾厚壳体卷板完成，密封环下料完成，薄壳体待卷板','','','魏志刚'),(662,142,'2016.7.30','铆一：前盾壳体调校完成，隔板法兰焊接完成\r\n铆一：中盾壳体焊接完成待场地总拼\r\n铆六：尾盾壳体卷板完成，密封环待卷板','','','魏志刚'),(663,28,'7.9-7.31','2#第一二台验收，三四台等待配件验收.             3#等待配件验收.','','','严涛'),(664,145,'2016年7月24日','主机3台到货，倒转进现场3台主机及结构','现场道路狹小，场地狹小，17米货车无法进场，货物须要倒转进场。','','罗大强'),(665,145,'2016年7月25日','双90主楼拼装','','','罗大强'),(666,145,'2016年7月26号','主楼二层拼装','','','罗大强'),(667,145,'2016年7月27日','主机主楼拼装完成，\r\n到项目部5号站基础方案签字，查看5号站现场及路况。','','','罗大强'),(668,145,'2016年7月28号','双90控制室拼吊按装定位完成。','','','罗大强'),(669,145,'2016年7月29日','拼接平皮带，配料机。','','','罗大强'),(670,145,'2016年7月30日','双90斜皮机，单60配料机到货2车。\r\n完成倒货转运进场。','','','罗大强'),(671,145,'2016年7月31日','3台平皮带，配料机拼装定位完工。','','','罗大强'),(672,145,'2016年8月1日','斜皮带机拼接。','','','罗大强'),(673,57,'2016.8.1','铆焊完成，涂装完成','','','魏志刚'),(674,49,'2016.8.1','铆四班前盾：在机加厂\r\n铆四班中盾：在机加厂\r\n铆四班尾盾: 密封环调平准备对接壳体','','9号达到验收状态','魏志刚'),(675,130,'2016.8.1','铆三班A环在机加厂\r\n铆一班B环在机加厂\r\n铆一班C.D环在机加厂\r\n铆一班E.F环待注浆块回厂安装','铆一班1号台车、3号台车在涂装\r\n铆六班2号、4号台车在涂装\r\n铆四班5号台车已经拆机完成，\r\n6号台车部件制作完成，铆六7号台车、桥架部件开始制作','','魏志刚'),(676,131,'2016.8.1','铆六班A环在加工\r\n铆四班B在处理外观\r\n铆四班EF环待注浆块\r\n铆四班C.D环在处理外观','铆四班1号、2号台车部件制作完成，3号、4号总拼完成，桥架待钻孔料\r\n铆六班5号、6号、7号台车开始制作','B环8月1号报检不合格在处理\r\nC.D环8月3号报检','魏志刚'),(677,139,'2016.8.1','铆一班前盾隔板中心环安装完成，开始整体焊接\r\n铆一班中盾隔板安装完成，待米字粱\r\n铆三班尾盾密封环已经交加工厂，厚壳体调校完成','','前盾8月16号铆焊完成\r\n中盾8月12号铆焊完成','魏志刚'),(678,140,'2016.8.1','铆四班前盾：壳体卷板焊接完成上法兰 调校\r\n铆四板中盾：壳体上法兰调校圆度\r\n铆三班尾盾：密封环交加工厂，壳体卷板完成，在调校','','前盾8月21号铆焊完成\r\n中盾8月19号铆焊完成','魏志刚'),(679,141,'2016.8.1','铆四班：前盾壳体上法兰对接调校\r\n铆四班：中盾壳体在法兰上调校圆度\r\n铆四班：尾盾厚壳体卷板完成，密封环下料完成，薄壳体待卷板','','','魏志刚'),(680,142,'2016.8.1','铆一：前盾壳体调校完成，隔板安装完成\r\n铆一：中盾壳体焊接完成上法兰调校\r\n铆六：尾盾壳体卷板完成，密封环待卷板','','','魏志刚'),(681,145,'2016年8月2日','双9O斜皮带吊装定位','','','罗大强'),(682,145,'2016年8月3日','60站主机二层按装定位','','','罗大强'),(683,145,'2016年8月4日','60站斜皮带拼接，90站走线槽，按装楼梯','','','罗大强'),(684,49,'2016.8.6','铆四班前盾：已经验收\r\n铆四班中盾：已经验收\r\n铆四班尾盾: 安装油缸座，安装油脂槽盖板','','','魏志刚'),(685,50,'2016.8.6','铆一班前盾：已经交给机加厂\r\n铆四班中盾：已转机加工\r\n铆六班尾盾：待缺注浆块','','注浆块没有回厂','魏志刚'),(686,130,'2016.8.6','铆三班A环在机加厂\r\n铆一班B环在机加厂\r\n铆一班C.D环在机加厂\r\n铆一班E.F环待注浆块回厂安装','铆一班1号台车、3号台车涂装完成\r\n铆六班2号、4号台车在涂装\r\n铆四班5号台车在外观处理，6号台车总拼开始。铆六7号台车、桥架部件开始制作','','魏志刚'),(687,131,'2016.8.6','铆六班A环在加工\r\n铆四班B报检合格，待业主验收\r\n铆四班EF环待注浆块\r\n铆四班C.D报检合格待业主验收','铆四班1号、2号台车部件制作完成，3号、4号总拼完成，桥架待钻孔料\r\n铆六班5号、6号、7号台车开始制作','','魏志刚'),(688,139,'2016.8.6','铆一班前盾隔板中心环安装完成，开始整体焊接\r\n铆一班中盾隔板安装完成，待米字粱焊接\r\n铆三班尾盾密封环已经交加工厂，厚壳体调校完成','','前盾8月16号铆焊完成\r\n中盾8月12号铆焊完成','魏志刚'),(689,140,'2016.8.6','铆四班前盾：壳体卷板焊接完成上法兰 调校\r\n铆四板中盾：壳体上法兰调校圆度\r\n铆三班尾盾：密封环交加工厂，壳体卷板完成，在调校','','前盾8月21号铆焊完成\r\n中盾8月19号铆焊完成','魏志刚'),(690,135,'2016.8.6','铆一：前盾法兰隔板在拼装，壳体下料完成待卷板\r\n铆一：中前壳体一卷板完成法兰在拼装\r\n铆一：中后法兰在拼装，壳体在卷板\r\n铆三：尾盾法兰下料完成','','','魏志刚'),(691,145,'2016年8月5号','双90一号线走线槽、放线，螺旋管拼接。','','','罗大强'),(692,131,'2016.7.9','铆六班A环在加工\r\n铆四班B报检合格，业主验收合格\r\n铆四班EF环待注浆块\r\n铆四班C.D报检合格，业主验收合格','铆四班1号、2号台车部件制作完成，3号、4号总拼完成，桥架待钻孔料\r\n铆六班5号、6号、7号台车开始制作','','魏志刚'),(693,136,'2016.8.10','1、134#小车附件涂装；2、134#门吊主梁总拼；3、134#\\135#支腿焊接','','','陈建'),(694,8,'16.8.8','业主验收完成，轨道经办人王邦恒；\r\n业主经办叶彪','','','陈彦林'),(695,10,'16.8.8','业主已验收，经办人叶彪、王邦恒；','','','陈彦林'),(696,28,'16.7.15\r\n\r\n16.8.8','111、112#验收（严涛）\r\n\r\n113、114#验收（严涛）','','','陈彦林'),(697,40,'16.8.6','验收人员业主：吴兵，轨道经办：韦囯桐','','','陈彦林'),(698,145,'2016年8月10日','粉仓立罐完工，','','','罗大强'),(699,145,'2016年8月12日','双90螺旋按装就位','','','罗大强'),(700,51,'2016.8.9','业主王力已签字验收，轨道经办万慧祥','','','陈彦林'),(701,54,'8.12','二号站等大电水，调试，外加剂管路还有部分未走，人员全部离场\r\n一号站立罐九个，主楼及斜皮带基础完毕','','','周刊'),(702,147,'2016年8月6日','主机到货1台，配料机到货2台，控制室到2台，完成卸车。','','','罗大强'),(703,147,'2016年8月7日','主楼主机拼装，','','','罗大强'),(704,147,'2016年8月8号','1井主楼两层吊装就位','','现场2人安装','罗大强'),(705,147,'2016年8月11日','两台配料仓平皮带吊装进位','','现场工人4人','罗大强'),(706,147,'2O16年8月13日','2井主机到货，完成卸车','','现场工人5人','罗大强'),(707,28,'16.8.9                           16.8.14','3#等待验收.','','','严涛'),(708,49,'2016.8.17','铆四班前盾：已经验收\r\n铆四班中盾：已经验收\r\n铆四班尾盾: 待业主验收','','','魏志刚'),(709,50,'2016.8.17','铆一班前盾：已经交给机加厂\r\n铆四班中盾：已转机加工\r\n铆六班尾盾：安装注浆块','','','魏志刚'),(710,130,'2016.8.17','铆三班A环在机加厂\r\n铆一班B环在机加厂\r\n铆一班C.D环在机加厂\r\n铆一班E.F环待注浆块回厂安装','1号、3号、2号、4号、5号台车已经交总装，6号台车在涂装。铆六7号台车在拼装、桥架装配完成，在焊接','７号台车２６号完成\r\n桥架２１号完成','魏志刚'),(711,131,'2016.8.17','铆六班A环在加工\r\n铆四班B环在加工\r\n铆四班EF环待注浆块\r\n铆四班C.D环在加工','铆四班2号、3号、4号台车总拼完成，1号部件制作完成没有总拼完，桥架待钻孔料\r\n5号、6号、7号台车没有开始制作','','魏志刚'),(712,139,'2016.8.17','铆一班前盾在整体焊接，螺旋机座没有安装\r\n铆一班中盾在整体焊接，待油缸座安装\r\n铆三班尾盾密封环已经交加工厂，注浆块在焊接','','','魏志刚'),(713,140,'2016.8.17','铆四班前盾：隔板安装完成\r\n铆四板中盾：壳体上法兰调校完成，安装筋板\r\n铆三班尾盾：密封环交加工厂，待注浆块回厂','','','魏志刚'),(714,141,'2016.8.17','铆四班：前盾隔板安装完成，待检验\r\n铆四班：中盾隔板安装完成，待米字梁安装\r\n铆四班：尾盾厚壳体在调校','','','魏志刚'),(715,142,'2016.8.17','铆一：前盾在整体焊接\r\n铆一：中盾在整体焊接\r\n铆六：尾盾厚壳体调校完成','','','魏志刚'),(716,135,'2016.8.17','铆一：前盾在安装筋板\r\n铆一：中前壳体一上法兰在调校\r\n铆一：中后法兰与壳体在调校\r\n铆三：尾盾法兰制作完成，壳体在卷板','','','魏志刚'),(717,79,'2016.8.20','主梁节段拼装完成，正在焊接。小车拼装完成，正在焊接。支腿拼装完成。','','','方锦荣'),(718,80,'2016.8.20','主梁节段拼装焊接完成，支腿拼装完成，正在焊接。下横梁拼装完成，正在焊接。小车拼装焊接完成。','','','方锦荣'),(719,130,'2016.8.19','刀盘结构制作完成，报检后已转打砂处理！','','','方锦荣'),(720,131,'2016.8.19','刀盘狐面焊接完成，已翻身。','','','方锦荣'),(721,136,'2016.8.16','门吊主梁拼装焊接完成，已转打砂处理。支腿拼装焊接完成，待与下横梁总拼。','','','方锦荣'),(722,136,'2016.8.19','135主梁总拼，支腿拼装，下横梁未盖板。','','','方锦荣'),(723,135,'2016.8.19','铆一：前盾完成安装，报检，待焊接\r\n铆一：中前安装筋板\r\n铆一：中后壳体法兰对接\r\n铆三：尾盾壳体完成卷板，转厂','','','张天雄'),(724,139,'2016.8.20','铆一班前盾安装螺旋机座\r\n铆一班中盾焊接油缸座，完成后翻面焊接\r\n铆三班尾盾焊接注浆块','螺旋机座刚完成加工','','张天雄'),(725,80,'2016.8.22','主梁焊接完成，开始总拼。','','','方锦荣'),(726,154,'2016.8.18\r\n\r\n2016.8.22','开始动工\r\n\r\n门吊结构下料完成。小车下料。','','139#','方锦荣'),(727,136,'2016.8.22','135#主梁总拼，轨道安装。','','','方锦荣'),(728,80,'2016.8.25','主梁拼装完成，正在报检。开始钻孔。','','','方锦荣'),(729,154,'2016.8.25','主梁节段一拼装，节段拼装。小车拼装。','','139#','方锦荣'),(730,136,'2016.8.25','134主梁油漆涂装完成。支腿整体拼装。135#主梁拼装完成，法兰板装配，焊接。小车转打砂。','','','方锦荣'),(731,79,'2016.8.25','主梁节段焊接完成。支腿节段焊接完成。小车整体焊接。','','','方锦荣'),(732,131,'2016.8.25','S50刀盘已转机加。S51刀盘翻身焊接。','','','方锦荣'),(733,154,'2016.8.26','139#主梁节段拼装4节，开始焊接。小车结构拼装。','','','方锦荣'),(734,50,'2016.8.27','铆一班前盾：已经交给机加厂\r\n铆四班中盾：已转机加工\r\n铆六班尾盾：安装焊接注浆块','','前盾、中盾9月5号达到验收状态\r\n尾盾9月2号达到加工状态、加工完成后8个工作日达到验收状态','魏志刚'),(735,130,'2016.8.27','铆三班A环在机加厂\r\n铆一班B环在机加厂\r\n铆一班C.D环在机加厂\r\n铆一班E.F环待注浆块回厂安装','1-6号台车已经交装配，桥架在涂装\r\n7号台车暂停制作','EF环注浆块没有回厂，','魏志刚'),(736,131,'2016.8.27','铆六班A环在加工\r\n铆四班B环在加工\r\n铆四班EF环待注浆块\r\n铆四班C.D环在加工','1-4号台车在涂装车间，桥架没有开始制作\r\n5-7号台车没有开始制作','','魏志刚'),(737,139,'2016.8.27','铆一班前盾涂装完成交加工厂\r\n铆一班中盾在整体焊接，计划30号涂装\r\n铆三班尾盾焊接注浆块完成','','尾盾注浆块主焊缝与注浆块油脂槽盖板焊缝几乎重叠，无法超声波检测','魏志刚'),(738,139,'2016.8.27','台车一开始涂装，台车2-4开始总拼','台车1、台车2计划9月1号前涂装完成进车间\r\n台车3、台车4计划9月5号涂装完成进车间','','魏志刚'),(739,140,'2016.8.27','铆四班前盾：部件安装完成，整体焊接\r\n铆四板中盾：开始整体焊接\r\n铆三班尾盾：密封环交加工厂，待安装注浆块','','台车未开始制作','魏志刚'),(740,141,'2016.8.27','铆四班：整体焊接\r\n铆四班：已经翻面，整体焊接\r\n铆四班：尾盾厚壳体在调校','','中盾注浆块没有回厂','魏志刚'),(741,142,'2016.8.27','铆一：前盾整体焊接完成，待压力试验\r\n铆一：中盾在整体焊接，安装注浆块\r\n铆六：尾盾厚壳体调校完成，打支撑','','前盾30号开始涂装\r\n中盾9月2号开始涂装','魏志刚'),(742,135,'2016.8.27','铆一：前盾在整体焊接，29号翻面焊接\r\n铆一：中前部件安装完成，在整体焊接\r\n铆一：中后30号焊接完成送涂装\r\n铆三：尾盾壳体完成卷板，转厂','','','魏志刚'),(743,136,'2016.8.30','135主梁转打砂厂，支腿下横梁整体拼装焊接。','','','方锦荣'),(744,79,'2016.8.30','主梁整体拼装，主梁法兰安装。支腿下横梁整体拼装，小车结构拼装。','','','方锦荣'),(745,80,'2016.8.30','主梁整体拼装，法兰板装配。','','','方锦荣'),(746,80,'2016.8.31','小车转砂场。','','','方锦荣'),(747,154,'2016.8.31','主梁拼装完成5节，焊接完2节。','增加两节悬臂料还未回。','请物资部尽快安排。','方锦荣'),(748,135,'2016.9.2','铆一：前盾完成焊接、报检\r\n铆一：中前整体焊接\r\n铆一：中后完成焊接，待报检\r\n铆三：尾盾壳体对接','','','张天雄'),(749,135,'2016.9.4','铆一：前盾送砂厂打砂\r\n铆一：中前整体焊接\r\n铆一：中后报检\r\n铆三：尾盾壳体调校','','','张天雄'),(750,134,'2016.8.29','前盾：完成焊接，尺寸调校\r\n中盾：翻面焊接\r\n尾盾：壳体一壳体二调校','','','张天雄'),(751,134,'2016.9.3','前盾：焊接后完成报检，送沙场打砂\r\n中盾：完成焊接，正在外观处理\r\n尾盾：壳体一壳体二注浆块完成焊接','','','张天雄'),(752,134,'2016.9.4','前盾：沙场打砂\r\n中盾：翻面尺寸调校\r\n尾盾：外观处理，待加工','','','张天雄'),(753,155,'2016.9.5','前盾（铆一班）：壳体对接调校，丁字板、法兰焊接\r\n中盾（铆一班）：法兰焊接\r\n尾盾（未定）：','','','张天雄'),(754,142,'2016.9.4','铆一：前盾打砂\r\n铆一：中盾翻面整体焊接\r\n铆六：尾盾壳体一壳体二对接','','','张天雄'),(755,50,'2016.9.4','铆一班前盾：完成焊接耐磨焊，二次装配，待验收\r\n铆四班中盾：盾体调平，外观处理待验收\r\n铆六班尾盾：完成报检，转机加工','','','张天雄'),(756,54,'9.5','双线具备出灰条件，单站出灰了\r\n一号站准备发货了','','','周刊'),(757,130,'2016.9.4','铆三班A环涂装面漆完成\r\n铆一班B环面漆涂装完成，交装配\r\n铆一班C.D环待涂装面漆\r\n铆一班E.F环注浆块在焊接','1-6号台车、桥架已经交装配\r\n7号台车暂停制作','','魏志刚'),(758,131,'2016.9.4','铆六班A环在加工\r\n铆四班B环在加工\r\n铆四班EF环待注浆块\r\n铆四班C.D环在加工','2-4号台车涂装完成，桥架没有开始制作\r\n6-7号台车没有开始制作\r\n5号台车计划10号制作完成','E、F环注浆块还没有回厂','魏志刚'),(759,139,'2016.9.4','铆一班前盾交加工厂\r\n铆一班中盾焊接完成，尺寸报检合格，外观处理没有完成\r\n铆三班尾盾焊接注浆块完成','台车1-4全部制作涂装完成','铆一班打磨工不够','魏志刚'),(760,140,'2016.9.4','铆四班前盾：在整体焊接\r\n铆四板中盾：开始整体焊接\r\n铆三班尾盾：在安装注浆块','','台车未开始制作','魏志刚'),(761,141,'2016.9.4','铆四班：前盾在整体焊接\r\n铆四班：整体焊接完成，在外观处理\r\n铆四班：尾盾在焊接薄壳体与厚壳体对接焊缝','','','魏志刚'),(762,142,'2016.9.4','铆一：前盾在加工\r\n铆一：中盾翻面整体焊接\r\n铆六：尾盾壳体一壳体二对接','','','魏志刚'),(763,156,'2016.9.6','中盾：铰接套更换已报检完成，已转序加工\r\n尾盾：2件注浆块跟换完成，正在焊接','注浆块内油脂管未回厂急需回厂装配','','张天雄'),(764,80,'2016.9.6','主梁整体拼装焊接完成，分解打磨。支腿法兰取样完成，','','','方锦荣'),(765,79,'2016.9.6','主梁整体拼装焊接完成，分解打磨。支腿下横梁整体拼装完成，分解打磨。小车整体焊接完成，装封板。','','','方锦荣'),(766,136,'2016.9.6','135支腿下横梁转打砂。小车部件转机加。','','','方锦荣'),(767,154,'2016.9.6','139主梁结构焊接，支腿部件制作。下横梁部件制作。小车架拼装完成。','增加两节悬臂料还未回，询问物资部，说合同还没有定！','请领导催物资部尽快安排。','方锦荣'),(768,80,'2016.9.7','主梁打磨。报检','','','方锦荣'),(769,79,'2016.9.7','主梁打磨完成，转打砂厂。','','','方锦荣'),(770,154,'2016.9.7','139主梁结构焊接完成。整体拼装。','','请领导催物资部尽快安排。','方锦荣'),(771,141,'2016.9.7','铆四班：前盾在整体焊接\r\n铆四班：完成报检工作，外观处理\r\n铆四班：待切割注浆块','','','张天雄'),(772,141,'2016.9.8','铆四班：前盾整体焊接\r\n铆四班：转机加厂\r\n铆四班：待切割注浆块','','','张天雄'),(773,155,'2016.9.7','前盾（铆一班）：壳体对接焊接，丁字板焊接\r\n中盾（铆一班）：隔板焊接，\r\n尾盾（铆四班）：壳体卷板','','','张天雄'),(774,155,'2016.9.8','前盾（铆一班）：壳体对接焊缝探伤\r\n中盾（铆一班）：壳体卷板，米字梁拼装\r\n尾盾（铆四班）：壳体卷板','','','张天雄'),(775,80,'2016.9.8','主梁报检完成,待转.支腿未总拼。','','','方锦荣'),(776,79,'2016.9.8','主梁，连接板已转打砂，支腿下横梁，打磨。小车打磨完成，待报检。','','','方锦荣'),(777,50,'2016.9.9','铆一班前盾：已经验收\r\n铆四班中盾：已经验收\r\n铆六班尾盾：待加工','','','魏志刚'),(778,130,'2016.9.9','铆三班A环涂装面漆完成\r\n铆一班B环面漆涂装完成，交装配\r\n铆一班C.D环在涂装面漆\r\n铆一班E.F环注浆块在焊接','','C.D环面漆10号完成\r\n7号台车17号完成','魏志刚'),(779,139,'2016,9,9','铆一班前盾交加工厂\r\n铆一班中盾交加工\r\n铆三班尾盾焊接注浆块完成','','','魏志刚'),(780,131,'2016.9.9','铆六班A环在加工\r\n铆四班B环在加工\r\n铆四班EF环待注浆块\r\n铆四班C.D环在加工','','1号台车15号完成\r\n桥架25号完成\r\n5号18号完成\r\n6号24号完成','魏志刚'),(781,140,'2016.9.9','铆四班前盾：在整体焊接\r\n铆四板中盾：开始整体焊接\r\n铆三班尾盾：在安装注浆块','','','魏志刚'),(782,142,'2016.9.9','铆一：前盾在加工\r\n铆一：在机加厂\r\n铆六：尾盾壳体一壳体二对接焊接','','','魏志刚'),(783,135,'2016.9.9','铆一：前盾在加工厂\r\n铆一：中前待方钢\r\n铆一：中后在涂装\r\n铆三：尾盾壳体整体焊接','','尾盾注浆块没有回','魏志刚'),(784,80,'2016.9.9','主梁转打砂支腿，下横梁拼装。','','','方锦荣'),(785,154,'2016.9.9','主梁整体拼装，主梁法兰板拼装，支腿部件焊接，下横梁拼装。小车架整体焊接。','增加节段请尽快排版下料','','方锦荣'),(786,79,'2016.9.9','主梁打砂完成8节，支腿下横梁打磨，小车打磨完成。','','','方锦荣'),(787,80,'2016.9.10','支腿，下横梁总拼','','','方锦荣'),(788,80,'2016.9.12','支腿，下横梁总拼。小件清理。','','','方锦荣'),(789,79,'2016.9.10','主梁发货一车。支腿打磨。','','','方锦荣'),(790,79,'2016.9.12','主梁，支腿，下横梁发货。小车装配。','小车上翻转机构机加未回。','','方锦荣'),(791,154,'2016.9.10','主梁整体装配，钻孔，支腿内部焊接。','','','方锦荣'),(792,154,'2016.9.12','139主梁整体装配，轨道安装。钻孔。','','','方锦荣'),(793,154,'2016.9.13','139增加节段下料，主梁装配。','','','方锦荣'),(794,80,'2016.9.13','主梁已转4节。支腿下横梁拼装。','','','方锦荣'),(795,79,'2016.9.13','小车装配。','','','方锦荣'),(797,159,'2016.9.12','主梁整体拼装，焊接，支腿部件焊接完成，机加件已委外。','轨道回厂。','','方锦荣'),(798,159,'2016.9.13','主梁整体焊接，轨道回厂安装，支腿拼装，小件清理。','轨道下午已回厂。','','方锦荣'),(799,135,'2016.9.12','刀盘支腿拼装，焊接。','','','方锦荣'),(800,135,'2016.9.13','刀盘放样总拼。外周卷圆。','','','方锦荣'),(801,160,'2016.9.13','下料。','材料未回全。','','方锦荣'),(802,161,'2016.9.13','待料','材料急需回厂','','方锦荣'),(803,49,'2016.9.12','铆四班尾盾: 业主验收合格','','','魏志刚'),(804,50,'2016.9.14','铆一班前盾：已经验收\r\n铆四班中盾：已经验收\r\n铆六班尾盾：14号已经开始加工','','','魏志刚'),(805,130,'2016.9.14','铆三班A环涂装面漆完成，交装配\r\n铆一班B环面漆涂装完成，交装配\r\n铆一班C.D环面漆完成，\r\n铆一班E.F环报检合格待与CD环配注浆块','','7号台车17号完成\r\nCD环与EF环17号配注浆块','魏志刚'),(806,131,'2016.9.14','铆六班A环在加工\r\n铆四班B环在加工\r\n铆四班EF环注浆块14号已经回厂\r\n铆四班C.D环在加工','','1号台车完成\r\n桥架25号完成\r\n5号台车已经完成\r\n6号台车24号完成','魏志刚'),(807,139,'2016.9.14','铆一班前盾交加工厂\r\n铆一班中盾交加工\r\n铆三班尾盾待加工','','','魏志刚'),(808,140,'2016.9.14','铆四班前盾：在外观处理\r\n铆四板中盾：开始整体焊接\r\n铆三班尾盾：在焊接注浆块','','铆四班前盾：17号厂检\r\n铆四板中盾：17号厂检\r\n铆三班尾盾：16号报安装注浆块合格','魏志刚'),(809,141,'2016.9.14','铆四班：前盾整体焊接\r\n铆四班：中盾转机加厂\r\n铆四班：尾盾注浆块、加强环焊接完成','','尾盾16号交加工','魏志刚'),(810,142,'2016.9.14','铆一：前盾在加工\r\n铆一：在机加厂\r\n铆六：待注浆块','','尾盾注浆块回厂9天后达到验收状态','魏志刚'),(811,135,'2016.9.14','铆一：前盾在加工厂\r\n铆一：中前在焊接圆钢\r\n铆一：中后在涂装\r\n铆三：尾盾壳体整体焊接完成','','铆一：中前13号厂检\r\n铆三：尾盾14号达到安装注浆块状态','魏志刚'),(812,80,'2016.9.14','主梁转2节，支腿拼装完成。','','','方锦荣'),(813,79,'2016.9.14','小车架增加防转臂2件制作完成。','','','方锦荣'),(814,159,'2016.9.14','主梁轨道安装完成，钻孔完成。','','','方锦荣'),(815,131,'2016.9.14','S51刀盘装机加。','','','方锦荣'),(816,144,'2016.9.16','刀盘、前盾、中盾拆机装车发货，尾盾装车发货，拼装机、2#台车装车发货。','','','陈彦林'),(817,144,'2016.9.16','刀盘、前盾、中盾拆机装车发货，尾盾装车发货，拼装机、2#台车装车发货。','','','陈彦林'),(818,80,'2016.9.17','支腿下横梁报检完成，待转。小车已转机加。','','','方锦荣'),(819,79,'2016.9.17','小车装配完成。主梁结构已经发往工地。','','','方锦荣'),(820,154,'2016.9.17','139增加节段拼装完成，内部焊接。\r\n','','','方锦荣'),(821,162,'2016.9.17\r\n2016.9.18\r\n2016.9.24','材料进厂，排版编程。\r\n材料委外出厂。\r\n委外下料材料回厂。','','','方锦荣'),(822,50,'2016.9.14','铆一班前盾：发货\r\n铆四班中盾：发货\r\n铆六班尾盾：加工，铣油脂槽','','','张天雄'),(823,141,'2016.9.17','铆四班：前盾完成焊接，做保压实验\r\n铆四班：中盾转机加厂\r\n铆四班：尾盾注浆块、加强环焊接完成','','','张天雄'),(824,142,'2016.9.14','铆一：前盾在加工\r\n铆一：待加工\r\n铆六：待注浆块','','','张天雄'),(825,155,'2016.9.8','前盾（铆一班）：壳体法兰对接调校，中心环焊接。\r\n中盾（铆一班）：壳体对接调校，法兰固定\r\n尾盾（铆四班）：壳体调校','','','张天雄'),(826,156,'2016.9.16','中盾：铰接套开始加工\r\n尾盾：完成焊接，待加工','','','张天雄'),(827,163,'2016.9.17','下料排版。','','','方锦荣'),(828,154,'2016.9.18','主梁增加节段焊接。外协栏杆回厂，主梁栏杆装配，','','','方锦荣'),(830,159,'2016.9.18','主梁已翻身，内部焊接，拆梁。','','','方锦荣'),(831,77,'2016.9.18','开始发货.','','','方锦荣'),(832,80,'2016.9.18','主梁转打砂。','','','方锦荣'),(833,54,'9.7','双站出灰','','','周刊'),(834,54,'9.19','一号站到货一车','','','周刊'),(835,159,'2016.9.20','主梁转打砂，支腿拼装','','','方锦荣'),(836,141,'2016.9.21','铆四班：前盾完成报检，打砂处理\r\n铆四班：中盾完成加工，开始二次装配\r\n铆四班：壳体调校，报检转机加工','','','张天雄'),(837,142,'2016.9.21','铆一：前盾在加工\r\n铆一：转机加厂，完成钻孔工作，正在加工螺旋机座，\r\n铆六：待注浆块','','','张天雄'),(838,155,'2016.9.21','前盾（铆一班）：壳体与法兰对接调校，待安装筋板\r\n中盾（铆一班）：壳体对接焊接，法兰固定\r\n尾盾（铆四班）：壳体对接调校','','','张天雄'),(839,156,'2016.9.21','中盾（铆一班）：完成加工\r\n尾盾（铆一班）：待加工','','','张天雄'),(840,50,'2016.9.21','铆一班前盾：到货、交货\r\n铆四班中盾：到货、交货\r\n铆六班尾盾：安装密封环和油缸座','','','张天雄'),(841,49,'2016.9.14','铆四班尾盾: 发货','','','张天雄'),(842,154,'2016.9.22','小车转打砂，主梁增加节段拼装完成。','','','方锦荣'),(843,159,'2016.9.22','主梁涂装，支腿拼装完成。10吨辅助吊钻孔。','','','方锦荣'),(844,80,'2016.9.22','支腿转打砂。','','','方锦荣'),(845,134,'2016.9.22','刀盘开始下料。','','','方锦荣'),(846,163,'2016.9.22','开破口，支腿拼装，','','','方锦荣'),(847,135,'2016.9.22','刀盘内部焊接，外周焊接，切割斜边。','','','方锦荣'),(848,130,'2016.9.22','铆三班A环涂装面漆完成，交装配\r\n铆一班B环面漆涂装完成，交装配\r\n铆一班C.D环内部面漆完成，已经交总装\r\n铆一班E.F环报检合格待外观处理后涂装','涂装车间行车坏7号台车无法去涂装','','魏志刚'),(849,131,'2016.9.21','铆六班A环在加工\r\n铆四班B环在加工\r\n铆四班EF环注浆块焊接完成待报检\r\n铆四班C.D待配EF环','','6号台车部件开始制作\r\n7号台车在处理外观后涂装','魏志刚'),(850,139,'2016.9.21','铆一班前盾交加工厂\r\n铆一班中盾交加工\r\n铆三班尾盾在加工','','铆六班台车5，桥架没有开始制作','魏志刚'),(851,140,'2016.9.21','铆四班前盾：在外观处理\r\n铆四板中盾：开始整体焊接\r\n铆三班尾盾：在焊接注浆块','铆六班台车1、5、桥架没有开始制作\r\n铆一班台车六总拼合格\r\n铆三班台车2、3、4部件制作完成','','魏志刚'),(852,135,'2016.9.22','铆一：前盾在加工厂\r\n铆一：中前在加工厂\r\n铆一：中后在加工厂\r\n铆三：尾盾尺寸报检合格待加工加强环','','','魏志刚'),(853,54,'9.23','一号站开始安装','','','周刊'),(854,141,'2016.9.24','铆四班：待回厂打砂\r\n铆四班：业主验收\r\n铆四班：待加工','','','张天雄'),(855,142,'2016.9.24','铆一：前盾在加工\r\n铆一：，机加厂中心环横向油脂空钻孔，下午业主验收（替换铆四班140中盾发货）\r\n铆六：待注浆块','','','张天雄'),(856,155,'2016.9.24','前盾（铆一班）：报检后开始整体焊接\r\n中盾（铆一班）：壳体完成焊接后探伤\r\n尾盾（铆四班）：壳体对接调校','','','张天雄'),(857,139,'2016.9.23','铆一班前盾开始焊接耐磨焊，安装人仓门\r\n铆一班中盾继续加工\r\n铆三班尾盾在加工','','','张天雄'),(859,154,'2016.9.23','139主梁翻身，法兰板装配，支腿取样。','','','方锦荣'),(860,163,'2016.9.24','支腿拼装，放样装配。','排版12块错误，已从新补料下。','','方锦荣'),(861,135,'2016.9.24','刀盘外周环装配。','','','方锦荣'),(862,154,'2016.9.26','139主梁已转打砂。支拼装。','','','方锦荣'),(863,162,'2016.9.26\r\n\r\n2016.9.28\r\n2016.9.29','放样，清料拼装。\r\n\r\n支腿拼装，主梁接头拼装焊接。\r\n主梁节段一拼装，支腿焊接，可调支腿拼装。','','','方锦荣'),(864,154,'2016.9.28','139#支腿拼装完成。打磨。','','','方锦荣'),(866,80,'2016.9.28','雨棚制作。走台栏杆制作完成。','','','方锦荣'),(867,135,'2016.9.28','刀盘法兰回厂，牛腿拼装焊接。','','','方锦荣'),(868,163,'2016.9.28','支腿焊接。','','','方锦荣'),(869,130,'2016.9.28','刀盘耐磨焊焊接。','','','方锦荣'),(870,50,'2016.9.29','铆六班尾盾：业主验收合格，涂装发货','','10月3号发货','魏志刚'),(871,130,'2016.9.29','铆一班E.F环报检合格待外观处理后交加工油脂槽','','','魏志刚'),(872,131,'2016.9.29','铆四班EF环与CD环配注浆块\r\n铆四班桥架在外观处理\r\n铆五班6号台车在外观处理','','','魏志刚'),(873,140,'2016.9.29','铆四班前盾：在外观处理\r\n铆四板中盾：整体焊接\r\n铆三班尾盾：在焊接注浆块','铆六班台车1没有开始制作，台车5和桥架在制作部件\r\n铆一班台车六总在外观处理\r\n铆三班台车2、3、4总拼装完成完成','','魏志刚'),(874,141,'2016.9.29','铆四班：在打砂涂装\r\n铆四班：已经发货\r\n铆四班：在加工加强环','','','魏志刚'),(875,142,'2016.9.29','铆一：已经发货（代替140前盾）\r\n铆一：在加工\r\n铆六：在焊接注浆块','','','魏志刚'),(876,135,'2016.9.29','铆一：前盾在加工厂\r\n铆一：中前在加工厂\r\n铆一：中后在加工厂\r\n铆三：在加工加工环','','','魏志刚'),(878,154,'2016.9.29','139#支腿转打砂。','','','方锦荣'),(879,164,'2016.9.28','小车拼装。','缺筋板','','方锦荣'),(880,130,'2016.9.29','刀盘焊接耐磨焊','','','方锦荣'),(881,162,'2016.10.3\r\n\r\n016.10.5\r\n2016.10.8','148支腿整体拼装，148主梁整体拼装。149主梁接头拼装。\r\n148#支腿及以下部分发货\r\n主梁制作完成。涂装完成。走台栏杆制作完成。','\r\n\r\n基本都是散件没试装（预装）','','方锦荣'),(882,50,'2016.10.03','铆六班尾盾发货','','','张天雄'),(883,155,'2016.10.3','前盾（铆一班）：整体焊接\r\n中盾（铆一班）：安装筋板隔板等\r\n尾盾（铆四班）：壳体一壳体二对接焊接，待注浆块回厂','','','张天雄'),(884,135,'2016.10.03','铆一：前盾焊接耐磨焊\r\n铆一：中前在加工厂\r\n铆一：中后在加工厂\r\n铆三：在加工加工环','','','张天雄'),(885,155,'2016.10.7','前盾（铆一班）：翻面焊接\r\n中盾（铆一班）：报检后整体焊接\r\n尾盾（铆四班）：待注浆块回厂','','','张天雄'),(886,168,'2016.10.06','铆四班：壳体卷板\r\n铆四班：壳体卷板\r\n铆六班：壳体待卷板','','','张天雄'),(887,74,'16.8.20','102#小车有轻微啃轨现象\r\n\r\n业主要求递交关于啃轨问题的保证书','技术、生产、业主项目部人员参与查找问题无果。','8.20日交一份盖生产部章的保证书一份','陈彦林'),(890,162,'2016.10.9\r\n\r\n2016.10.11','第二台主梁拼装，支腿整体拼装。走台栏杆制作。\r\n149门吊主梁总拼。支腿总拼完成。','','','方锦荣'),(891,154,'2016.10.8','待发货','','','方锦荣'),(892,154,'2016.10.9','140号门吊待料。','','','方锦荣'),(893,130,'2016.10.10','铆一班E.F环待交加工油脂槽','','','魏志刚'),(894,131,'2016.10.10','铆四班EF环与CD环配注浆块\r\n铆四班桥架在涂装\r\n铆五班6号台车在涂装','','','魏志刚'),(895,164,'2016.10.10','小车架焊接，部件制作。','','','方锦荣'),(897,130,'2016.10.11','刀盘外周耐磨焊完成，刀箱安装。刀座安装。','','','方锦荣'),(898,168,'2016.10.11','铆四班：壳体法兰对接调校\r\n铆四班：壳体法兰对接调校\r\n铆六班：壳体待卷板','','','张天雄'),(899,155,'2016.10.11','前盾（铆一班）：安装门框，人仓焊接\r\n中盾（铆一班）：安装环板，油缸座焊接\r\n尾盾（铆四班）：加强环焊接，外观处理','','',''),(902,184,'2016.10.12\r\n\r\n2016.10.13','走行轮组设计院马达安装不了，转向油缸座有尺寸差要加垫板\r\n设计院更改马达方向，主梁开始发运。\r\n','','','陈彦林'),(903,135,'2016.10.18','铆一：前盾焊接螺旋机座，人舱门安装\r\n铆一：中前转总装厂，安装防扭块\r\n铆一：中后转总装厂，安装防扭块\r\n铆三：回厂外观处理','','','张天雄'),(904,155,'2016.10.15','前盾（铆一班）：完成报检，转沙场涂装\r\n中盾（铆一班）：整体焊接\r\n尾盾（铆四班）：报检转沙场涂装','','','张天雄'),(905,155,'2016.10.17','前盾（铆一班）：加工\r\n中盾（铆一班）：翻面焊接\r\n尾盾（铆四班）：完成底漆涂装，回厂外观处理','','','张天雄'),(906,155,'2016.10.19','前盾（铆一班）：加工\r\n中盾（铆一班）：完成焊接，翻面调校\r\n尾盾（铆四班）：完成外观处理，涂装','','','张天雄'),(907,168,'2016.10.13','铆四班：壳体调校，安装筋板\r\n铆四班：安装隔板\r\n铆六班：壳体卷板','','','张天雄'),(908,168,'2016.10.15','铆四班：整体安装\r\n铆四班：安装米字梁\r\n铆六班：壳体完成卷板','','','张天雄'),(909,168,'2016.10.19','铆四班：整体安装\r\n铆四班：完成拼装，报检后开始焊接\r\n铆六班：壳体对接，调校','','','张天雄'),(910,142,'2016.10.15','铆一：已经发货（代替140前盾）\r\n铆一：开始安装平台，\r\n铆六：外观处理','','','张天雄'),(911,142,'2016.10.18','铆一：已经发货（代替140前盾）\r\n铆一：完成二装，待焊接\r\n铆六：报检，待加工','','','张天雄'),(912,141,'2016.10.15','铆四班：在机加厂钻孔\r\n铆四班：已经发货\r\n铆四班：密封环和壳体对接','','','张天雄'),(913,141,'2016.10.18','铆四班：在机加厂钻孔\r\n铆四班：已经发货\r\n铆四班：安装焊接油缸座','','','张天雄'),(914,155,'2016.10.19','前盾（铆一班）：加工\r\n中盾（铆一班）：完成焊接，翻面调校\r\n尾盾（铆四班）：转加工','','','张天雄'),(915,156,'2016.10.15','中盾（铆一班）：完成加工\r\n尾盾（铆一班）：完成加工，完成安装油脂槽盖板','','','张天雄'),(916,164,'2016.10.18','小车架转打砂。大车走形转机加。','','','方锦荣'),(917,178,'2016.10.19','开始下料。制作班组铆六班。','','','方锦荣'),(918,186,'2016.10.19','开始下料。','','','方锦荣'),(919,185,'2016.10.18','前盾（铆一班）：壳体开坡口\r\n中盾（铆一班）：壳体开坡口\r\n尾盾（铆三班）：壳体焊吊耳、待卷板','','','张天雄'),(920,188,'2016.10.19','材料进厂，胎架制作。','','','方锦荣'),(921,174,'2016.10.19','小车开始下料。','','','方锦荣'),(922,189,'2016.10.15','尾盾（铆一班）：壳体卷板，密封环卷板对接焊接','','','张天雄'),(923,189,'2016.10.19','尾盾（铆一班）：壳体对接调校','','','张天雄'),(924,191,'2016.10.17','尾盾（铆四班）：壳体卷板，密封环焊接打支撑','','','张天雄'),(925,191,'2016.10.19','尾盾（铆四班）：壳体切割直头，密封环加工','','','张天雄'),(926,142,'2016.10.19','铆一：已经发货（代替140前盾）\r\n铆一：完成二装，待焊接\r\n铆六：开始加工','','','张天雄'),(927,184,'16.10.19','走行机构发货','','','陈彦林'),(928,162,'2016、10、19','148主梁现场拼装。','现场拼装条件差，工具、及辅助材料欠缺。','','罗大强'),(929,162,'2016.10.21','第一台小车发货.第二台涂装完成。','','','方锦荣'),(930,154,'2016.10.21','140下料。','','','方锦荣'),(931,134,'2016.10.21','刀盘料已下完。停工待通知','','','方锦荣'),(932,135,'2016.10.21','刀盘加工。T型架部件机加。','','','方锦荣'),(933,163,'2016.10.21','刀盘外周板卷圆后切割。支腿焊接。','','','方锦荣'),(934,155,'2016.10.21','盾体走台型材下料。','','','方锦荣'),(935,164,'2016.10.21','','','',''),(936,142,'2016.10.19','铆一：已经发货（代替140前盾）\r\n铆一：二装完成焊接\r\n铆六：开始加工','','','张天雄'),(937,155,'2016.10.21','前盾（铆一班）：加工\r\n中盾（铆一班）：转砂场\r\n尾盾（铆四班）：加工','','20号停电一天','张天雄'),(938,185,'2016.10.21','前盾（铆一班）：壳体待卷板\r\n中盾（铆一班）：壳体待卷板\r\n尾盾（铆三班）：壳体待卷板','','','张天雄'),(939,141,'2016.10.21','铆四班：在机加厂镗床\r\n铆四班：已经发货\r\n铆四班：安装焊接油缸座','','24号报检验收','张天雄'),(940,168,'2016.10.21','铆四班：整体安装\r\n铆四班：报检后开始焊接\r\n铆六班：打支撑','','','张天雄'),(941,191,'2016.10.21','尾盾（铆四班）：壳体对接','','','张天雄'),(942,187,'2016.10.21','前盾（铆五班）：开始切割中心环，筋板','','','张天雄'),(943,178,'2016.10.25','隔板拼装完成，下料完成，主梁拼装，小车拼装。','','','方锦荣'),(944,186,'2016.10.25','下料完成。','','','方锦荣'),(945,130,'2016.10.25','S50刀盘刀箱安装完成，刀座安装完成。','','','方锦荣'),(946,131,'2016.10.25','刀盘机械加工未完。','','','方锦荣'),(947,178,'2016.10.28','主梁节段拼装完成，支腿拼装，','','','方锦荣'),(948,178,'2016.10.29','小车架拼装完成。主梁节段焊接。','','','方锦荣'),(949,130,'2016.10.28','S50装刀完成，油管安装完成。','','','方锦荣'),(950,131,'2016.10.29','刀盘机加外周保径刀。','','','方锦荣'),(951,163,'2016.10.29','刀盘外周弧板拼接完成，支腿整体放样装配。','外周弧板需要机加斜面。','','方锦荣'),(952,188,'2016.10.29','主梁拼装。','支腿二，支腿三，需要下料。','','方锦荣'),(953,162,'2016年10、29','1井门吊，主梁拼装完工，行走梁拼装定位完工，明天主梁整机拼装。','变高支撑油缸未到，走行电机未到，缺所有符件螺栓，缺所有销轴卡板，缺电路走线管。','','罗大强'),(954,130,'2016.10.28','铆焊工作量基本完成','','','魏志刚'),(955,131,'2016.10.29','铆四班EF环在加工油脂槽\r\n铆六班储风筒在制作\r\n','','油脂槽加工完成3天内达到加工状态\r\n储风筒11月10号完成','魏志刚'),(956,139,'2016.10.29','铆一班前盾业主验收完成\r\n铆一班中盾在机加厂\r\n铆三班尾盾在安装油缸座','','','魏志刚'),(957,140,'2016.10.29','铆四班前盾：暂停制作\r\n铆四板中盾：暂停制作\r\n铆三班尾盾：待加工加强环','','','魏志刚'),(958,141,'2016.10.29','铆四班：业主验收完成\r\n铆四班：已经发货\r\n铆四班：业主验收完成','','','魏志刚'),(959,142,'2016.10.29','铆一：已经发货（代替140前盾）\r\n铆一：业主验收完成\r\n铆六：安装油缸座','','尾盾4号报安质部验收','魏志刚'),(960,135,'2016.10.29','铆一：前盾交总装厂\r\n铆一：中前转总装厂\r\n铆一：中后转总装厂\r\n铆三：铆焊完成交总装厂','','','魏志刚'),(961,155,'2016.10.29','前盾（铆一班）：加工\r\n中盾（铆一班）：在机加厂（没有涂装底漆）\r\n尾盾（铆四班）：在安装油缸座','','尾盾4号达到验收状态','魏志刚'),(962,168,'2016.10.29','铆四班：整体焊接，11月10号完成\r\n铆四班：翻面整体焊接11月4号完成\r\n铆六班：11月4号达到加工加强环状态','','','魏志刚'),(963,185,'2016.10.29','前盾（铆一班）：壳体在焊接\r\n中盾（铆一班）：壳体在焊接\r\n尾盾（铆三班）：壳体调校','','','魏志刚'),(964,189,'2016.10.29','尾盾（铆一班）：注浆块焊接完成，壳体调校，外观处理','','11月3号交加工加强环','魏志刚'),(965,191,'2016.10.29','尾盾（铆四班）：在安装注浆块','','11月4号交加工加强环','魏志刚'),(966,187,'2016.10.29','前盾（铆五班）：切割中心环完成\r\n中盾（铆一班）：待料\r\n尾盾（铆  班）：待料','','','魏志刚'),(967,142,'2016.10.31','铆一：已经发货（代替140前盾）\r\n铆一：开始涂装面漆\r\n铆六：盾体整体安装，油缸座密封环焊接','','','张天雄'),(968,185,'2016.10.31','前盾（铆一班）：壳体调校，法兰固定\r\n中盾（铆一班）：壳体调校，法兰压平\r\n尾盾（铆三班）：厚壳体打支撑','','','张天雄'),(969,155,'2016.10.31','前盾（铆一班）：加工\r\n中盾（铆一班）：安装二次装配机加工件\r\n尾盾（铆四班）：焊接油缸座，密封环','','','张天雄'),(970,142,'2016.11.3','铆一：已经发货（代替140前盾）\r\n铆一：完成面漆涂装，待发货\r\n铆六：完成焊接，外观处理','','','张天雄'),(971,142,'2016.11.5','铆一：已经发货（代替140前盾）\r\n铆一：待发货\r\n铆六：完成焊接，外观处理','','通知11月7号（周一）发货','张天雄'),(972,141,'2016.11.3','铆四班：完成涂装，待发货\r\n铆四班：已经发货\r\n铆四班：图纸更改，密封环钻孔','','','张天雄'),(973,141,'2016.11.5','铆四班：待发货\r\n铆四班：已经发货\r\n铆四班：完成涂装，待发货','','生产部通知11月7号（周一）发货','张天雄'),(974,155,'2016.11.3','前盾（铆一班）：开始焊接耐磨焊\r\n中盾（铆一班）：焊接二次装配机加工件\r\n尾盾（铆四班）：完成焊接，圆度尺寸调校','','','张天雄'),(975,155,'2016.11.5','前盾（铆一班）：翻面焊接耐磨焊\r\n中盾（铆一班）：送砂厂打砂涂装\r\n尾盾（铆四班）：完成报检，注浆块保压试验，','','','张天雄'),(976,168,'2016.11.3','铆四班：整体焊接，11月10号完成\r\n铆四班：完成焊接，外观处理\r\n铆六班：注浆块焊接','','','张天雄'),(977,168,'2016.11.4','铆四班：整体焊接，11月10号完成\r\n铆四班：报检后转机加工\r\n铆六班：注浆块焊接','','','张天雄'),(978,168,'2016.11.4','铆四班：整体焊接，11月10号完成\r\n铆四班：机加工\r\n铆六班：注浆块焊接','','','张天雄'),(979,189,'2016.11.3','尾盾（铆一班）：盾体尺寸报检，外观处理','','30mm加强环圆钢未回厂','张天雄'),(980,189,'2016.11.4','尾盾（铆一班）：转加工','','30mm加强环圆钢未回厂','张天雄'),(981,185,'2016.11.3','前盾（铆一班）：安装筋板\r\n中盾（铆一班）：壳体法兰对接\r\n尾盾（铆三班）：薄壳体与厚壳体对接','','','张天雄'),(982,185,'2016.11.5','前盾（铆一班）：安装隔板中心环\r\n中盾（铆一班）：壳体调校固定\r\n尾盾（铆三班）：薄壳体与厚壳体对接调校','','','张天雄'),(983,191,'2016.11.3','尾盾（铆四班）：焊接注浆块','','','张天雄'),(984,191,'2016.11.5','尾盾（铆四班）：盾体调校，外观处理','','','张天雄'),(985,187,'2016.11.3','前盾（铆五班）：待料\r\n中盾（铆一班）：待料\r\n尾盾（铆  班）：待料','','','张天雄'),(986,187,'2016.11.5','前盾（铆五班）：待料\r\n中盾（铆一班）：待料\r\n尾盾（铆  班）：待料','','','张天雄'),(987,142,'2016.11.7','铆一：已经发货（代替140前盾）\r\n铆一：待发货\r\n铆六：业主验收','','','张天雄'),(988,155,'2016.11.7','前盾（铆一班）：业主验收\r\n中盾（铆一班）：业主验收\r\n尾盾（铆四班）：业主验收','','','张天雄'),(989,185,'2016.11.7','前盾（铆一班）：开始焊接\r\n中盾（铆一班）：安装隔板筋板\r\n尾盾（铆三班）：薄壳体与厚壳体对接焊接','','','张天雄'),(990,192,'2016.11.7','前盾（铆一班）：前盾壳体与法兰对接\r\n中盾（铆一班）：待料\r\n尾盾（铆一班）：壳体焊接吊耳，待卷板','','','张天雄'),(991,193,'2016.11.07','前盾（铆四班）:壳体对接隔板法兰焊接\r\n中盾（铆四班）：待料\r\n尾盾（铆四班 ):待料','','','张天雄'),(992,131,'2016.11.6','铆四班EF环待涂装\r\n铆六班储风筒部件制作完成，待涂装','','','魏志刚'),(993,139,'2016.11.6','铆一班前盾业主验收完成\r\n铆一班中盾在机加厂\r\n铆三班尾盾在焊接油缸座','','',''),(994,140,'2016.11.6','铆四班前盾：暂停制作\r\n铆四板中盾：暂停制作\r\n铆三班尾盾：待加工加强环','','','魏志刚'),(995,168,'2016.11.8','铆四班：整体焊接，11月10号完成\r\n铆四班：机加工\r\n铆六班：整体调校待加工加强环','','','魏志刚'),(996,189,'2016.11.8','尾盾（铆一班）：密封环回厂，加强环在加工','','','魏志刚'),(997,187,'2016.11.8','前盾（铆五班）：中心环待卷板\r\n中盾（铆一班）：待下料\r\n尾盾（铆  班）：待料','','','魏志刚'),(998,142,'2016.11.9','铆一：已经发货（代替140前盾）\r\n铆一：发货\r\n铆六：涂装','','','张天雄'),(999,155,'2016.11.9','前盾（铆一班）：机加整改\r\n中盾（铆一班）：涂装\r\n尾盾（铆四班）：涂装','','','张天雄'),(1000,192,'2016.11.9','前盾（铆一班）：前盾壳体与法兰固定调校，筋板缺料\r\n中盾（铆一班）：待料\r\n尾盾（铆一班）：密封环、壳体卷板','','','张天雄'),(1001,185,'2016.11.9','前盾（铆一班）：整体焊接，安装椎板\r\n中盾（铆一班）：整体焊接\r\n尾盾（铆三班）：切割注浆块，打码板','','','张天雄'),(1002,187,'2016.11.10','前盾（铆五班）：中心环焊接\r\n中盾（铆一班）：待下料\r\n尾盾（铆  班）：待料','','','张天雄'),(1003,185,'2016.11.10','前盾（铆一班）：整体焊接\r\n中盾（铆一班）：整体焊接\r\n尾盾（铆三班）：切割注浆块，打码板','','','张天雄'),(1004,155,'2016.11.10','前盾（铆一班）：机加整改\r\n中盾（铆一班）：涂装\r\n尾盾（铆四班）：涂装','','','张天雄'),(1005,141,'2016.11.9','铆四班：发货\r\n铆四班：已经发货\r\n铆四班：发货','','','张天雄'),(1006,168,'2016.11.10','铆四班：翻面焊接，工期滞后\r\n铆四班：机加工\r\n铆六班：外观处理，尺寸调校','','','张天雄'),(1007,193,'2016.11.10','前盾（铆四班）:壳体调校，法兰固定\r\n中盾（铆四班）：卷板一块，缺料一块，米字梁焊接\r\n尾盾（铆四班 ):待料','','','张天雄'),(1008,178,'2016.11.10','主梁转涂装。小车转涂装。','','','方锦荣'),(1009,186,'2016.11.10','主梁部件结构拼装完成，小车拼装完成。','','','方锦荣'),(1010,154,'2016.11.10','主梁部件拼装完成，小车拼装完成。','','','方锦荣'),(1011,135,'2016.11.10','刀盘刀箱未回，刮刀未回，耐磨板已经安装。耐磨弧板材料未回。','','','方锦荣'),(1012,163,'2016.11.10','刀盘外弧板斜度加工完成，开始安装。','','','方锦荣'),(1013,162,'2016、11、12','辽宁10T铺板门吊第二台149号主架结构按装完成。','部件到货不全，大部分部件现场整改率高，施工进度太慢。','','罗大強'),(1014,162,'2016、11、12号','149号主架结构安装完工','部件到货不全，大部分部件现场整改率高，施工进度慢，效率不高。','','罗大强'),(1015,142,'2016.11.11','铆一：已经发货（代替140前盾）\r\n铆一：发货\r\n铆六：完成涂装','','','张天雄'),(1016,155,'2016.11.11','前盾（铆一班）：送涂装\r\n中盾（铆一班）：涂装\r\n尾盾（铆四班）：涂装','','','张天雄'),(1017,168,'2016.11.12','铆四班：安装人仓面板\r\n铆四班：机加工\r\n铆六班：11号下午转机加工','','','张天雄'),(1018,185,'2016.11.12','前盾（铆一班）：整体焊接\r\n中盾（铆一班）：整体焊接\r\n尾盾（铆三班）：安装注浆块','','','张天雄'),(1019,187,'2016.11.12','前盾（铆五班）：中心环焊接\r\n中盾（铆一班）：下料，待卷板\r\n尾盾（铆三班）：待料','','','张天雄'),(1020,192,'2016.11.12','前盾（铆一班）：筋板拼装，待安装\r\n中盾（铆一班）：壳体卷板后对接\r\n尾盾（铆一班）：壳体完成直头切割','','','张天雄'),(1021,193,'2016.11.12','前盾（铆四班）:筋板拼装，待装配\r\n中盾（铆四班）：壳体完成卷板\r\n尾盾（铆四班 ):下料，待卷板','','','张天雄'),(1022,185,'2016.11.14','前盾（铆一班）：翻面焊接\r\n中盾（铆一班）：整体焊接，安装油缸座\r\n尾盾（铆三班）：焊接注浆块','','','张天雄'),(1023,185,'2016.11.15','前盾（铆一班）：安装人仓\r\n中盾（铆一班）：整体焊接，焊接油缸座\r\n尾盾（铆三班）：焊接注浆块','','','张天雄'),(1024,168,'2016.11.15','铆四班：焊接螺旋机座\r\n铆四班：机加厂\r\n铆六班：铣油脂槽','','','张天雄'),(1025,155,'2016.11.15','前盾（铆一班）：发货\r\n中盾（铆一班）：发货\r\n尾盾（铆四班）：发货','','','张天雄'),(1026,187,'2016.11.15','前盾（铆五班）：中心环回滚\r\n中盾（铆一班）：待卷板\r\n尾盾（铆三班）：待料','','','张天雄'),(1027,192,'2016.11.15','前盾（铆一班）：丁子板焊接，筋板缺料\r\n中盾（铆四班）：壳体对接\r\n尾盾（铆三班）：壳体对接调校','前盾筋板未排版下料，中盾筋板排版错误','','张天雄'),(1028,193,'2016.11.15','前盾（铆四班）:筋板拼装，待装配\r\n中盾（铆一班）：壳体完成卷板\r\n尾盾（铆四班 ):下料，待卷板','161中盾与162中盾对调，各班组优先出一个','','张天雄'),(1029,186,'2016.11.18','主梁总拼完成，支腿拼装，小车焊接完成。','','','方锦荣'),(1030,154,'2016.11.18','主梁总拼，支腿焊接.','','','方锦荣'),(1031,185,'2016.11.19','前盾（铆一班）：缺门框，材料还未到厂\r\n中盾（铆一班）：整体焊接，焊接吊耳，计划明天翻身焊接\r\n尾盾（铆三班）：尺寸调校，安装加强环','门框尽快回厂','','张天雄'),(1032,168,'2016.11.19','铆四班：完成调校，加工前报检\r\n铆四班：机加厂\r\n铆六班：圆度问题，加强环椭圆','','','张天雄'),(1033,187,'2016.11.19','前盾（铆五班）：安装中心环\r\n中盾（铆一班）：壳体对接焊接\r\n尾盾（铆三班）：壳体对接调校','','','张天雄'),(1034,192,'2016.11.19','前盾（铆一班）：整体拼装，安装筋板\r\n中盾（铆四班）：壳体法兰对接，筋板开坡口\r\n尾盾（铆六班）：壳体对接调校','','','张天雄'),(1035,193,'2016.11.19','前盾（铆四班）:整体拼装\r\n中盾（铆一班）：壳体待卷板\r\n尾盾（铆四班 ):转料到卷板车间','','','张天雄'),(1036,54,'10.28','一号站双线出灰','','','周刊'),(1037,54,'10.17','二号站验收','','','周刊'),(1038,54,'11.15','一号站验收','','','周刊'),(1039,168,'2016.11.21','铆四班：报检后拖沙场\r\n铆四班：机加厂\r\n铆六班：焊接油脂槽盖板，尾盾加强环车破','','','张天雄'),(1040,168,'2016.11.22','铆四班：打砂涂装\r\n铆四班：机加厂\r\n铆六班：焊接油脂槽盖板，外观处理','尾盾油缸座加工，加强环车破问题待解决','','张天雄'),(1041,185,'2016.11.20','前盾（铆一班）：缺门框，材料还未到厂\r\n中盾（铆一班）：翻身焊接\r\n尾盾（铆三班）：完成焊接，尺寸调校','','',''),(1042,185,'2016.11.22','前盾（铆一班）：缺门框，加工中\r\n中盾（铆一班）：完成焊接，翻身后尺寸调校\r\n尾盾（铆三班）：尺寸调校待报检','','','张天雄'),(1043,187,'2016.11.22','前盾（铆五班）：中心环整体焊接\r\n中盾（铆一班）：壳体调校，法兰固定\r\n尾盾（铆三班）：壳体对接调校，密封环焊接','','','张天雄'),(1044,192,'2016.11.22','前盾（铆一班）：整体焊接\r\n中盾（铆四班）：整体拼装\r\n尾盾（铆六班）：壳体对接调校，打支撑','','','张天雄'),(1045,187,'2016.11.23','前盾（铆五班）：中心环整体焊接，安装小椎板\r\n中盾（铆一班）：壳体法兰对接\r\n尾盾（铆三班）：壳体对接调校，密封环调校','','','张天雄'),(1046,185,'2016.11.23','前盾（铆一班）：缺门框，加工中\r\n中盾（铆一班）：铰接套尺寸调校，外观处理\r\n尾盾（铆三班）：尺寸报检','','','张天雄'),(1047,192,'2016.11.23','前盾（铆一班）：整体焊接\r\n中盾（铆四班）：安装隔板一、隔板二\r\n尾盾（铆六班）：厚壳体打支撑','','','张天雄'),(1048,193,'2016.11.23','前盾（铆四班）:整体拼装，隔板开坡口\r\n中盾（铆一班）：壳体对接焊接\r\n尾盾（铆四班 ):卷板后直头切割','铆四班铆工缺人手','','张天雄'),(1049,189,'2016.11.12','尾盾（铆一班）：壳体与密封环对接焊接','','','张天雄'),(1050,189,'2016.11.16','尾盾（铆一班）：完成焊接，尺寸调校','','','张天雄'),(1051,189,'2016.11.19','尾盾（铆一班）：业主验收，安装一层盾体密封刷','','','张天雄'),(1052,189,'2016.11.22','尾盾（铆一班）：三层盾体密封刷安装焊接完成，油漆涂装完成，发货','','','张天雄'),(1053,191,'2016.11.8','尾盾（铆四班）：注浆块安装尺寸有误，切除注浆块重新加工','','','张天雄'),(1054,191,'2016.11.13','尾盾（铆四班）：注浆块完成加工，重新安装注浆块','','','张天雄'),(1055,191,'2016.11.15','尾盾（铆四班）：注浆块完成焊接','','','张天雄'),(1056,191,'2016.11.18','尾盾（铆四班）：尺寸调校外观处理报检','','','张天雄'),(1057,191,'2016.11.19','尾盾（铆四班）：加工','','',''),(1058,194,'2016.11.23','前盾（铆六班）：下料开坡口\r\n中盾（铆六班）：卷板\r\n尾盾（铆六班）：壳体调校，对接焊接','板厚90mm（前盾用）材料未到厂','','张天雄'),(1059,131,'2016.11.20','铆焊全部完成','','','魏志刚'),(1060,139,'2016.11.20','铆一班前盾业主验收完成\r\n铆一班中盾业主验收完成\r\n铆三班尾盾业主验收完成','','','魏志刚'),(1061,140,'2016.11.20','铆四班前盾：焊缝返修\r\n铆四板中盾：焊缝返修\r\n铆三班尾盾：待安装油缸座','','','魏志刚'),(1062,142,'2016.11.20','铆六尾盾：完成涂装待发货','','','魏志刚'),(1063,193,'2016.11.25','前盾（铆四班）:安装隔板\r\n中盾（铆一班）：壳体探伤调校\r\n尾盾（铆四班 ):壳体对接调校','','','张天雄'),(1064,192,'2016.11.25','前盾（铆一班）：整体焊接\r\n中盾（铆四班）：报检后开始焊接\r\n尾盾（铆六班）：壳体一壳体二对接调校','','','张天雄'),(1065,187,'2016.11.25','前盾（铆五班）：椎板焊接\r\n中盾（铆一班）：壳体调校，拼装前准备\r\n尾盾（铆三班）：壳体对接，待打支撑，支撑在毅恒厂拖回','','','张天雄'),(1066,185,'2016.11.24','前盾（铆一班）：缺门框，加工中\r\n中盾（铆一班）：加工前报检\r\n尾盾（铆三班）：完成报检待加工','','','张天雄'),(1067,185,'2016.11.25','前盾（铆一班）：缺门框，加工中\r\n中盾（铆一班）：转砂厂涂装\r\n尾盾（铆三班）：待加工','','','张天雄'),(1068,191,'2016.11.25','尾盾（铆四班）：完成加工，安装密封环和圆钢','','','张天雄'),(1069,185,'2016.11.28','前盾（铆一班）：缺门框，加工中\r\n中盾（铆一班）：转毅恒加工\r\n尾盾（铆三班）：待加工','','','张天雄'),(1070,168,'2016.11.25','铆四班：转毅恒加工\r\n铆四班：机加厂\r\n铆六班：待技术部通知','','','张天雄'),(1071,187,'2016.11.26','前盾（铆五班）：椎板焊接\r\n中盾（铆一班）：报检后开始焊接\r\n尾盾（铆三班）：壳体打支撑','','','张天雄'),(1072,192,'2016.11.27','前盾（铆一班）：翻面焊接\r\n中盾（铆四班）：安装超前注浆块\r\n尾盾（铆六班）：壳体一壳体二对接焊接','','','张天雄'),(1073,193,'2016.11.28','前盾（铆四班）:安装中心环\r\n中盾（铆一班）：壳体法兰固定调校后安装筋板\r\n尾盾（铆四班 ):壳体调校','','','张天雄'),(1074,194,'2016.11.25','前盾（铆六班）：下料开坡口\r\n中盾（铆六班）：壳体倒料到小车间1号车间\r\n尾盾（铆六班）：壳体对接焊接','','','张天雄'),(1075,194,'2016.11.26','前盾（铆六班）：倒料到卷板机\r\n中盾（铆六班）：壳体待对接\r\n尾盾（铆六班）：壳体对接焊接','','','张天雄'),(1076,194,'2016.11.28','前盾（铆六班）：壳体卷板\r\n中盾（铆六班）：壳体对接调校\r\n尾盾（铆六班）：壳体焊接调校','','','张天雄'),(1077,154,'2016.11.29','140主梁转打砂。','','','方锦荣'),(1078,186,'2016.11.23','主梁转打砂。小车转总装。','','','方锦荣'),(1079,188,'2016.11.26','接头返工完成。','','','方锦荣'),(1080,188,'2016.11.29','接头委外加工。','','','方锦荣'),(1081,135,'2016.11.29','刀盘镗孔。','','','方锦荣'),(1082,187,'2016.11.29','前盾（铆五班）：隔板支座焊接\r\n中盾（铆一班）：整体焊接，安装超前注浆块\r\n尾盾（铆三班）：壳体一壳体二对接安装','','','张天雄'),(1083,185,'2016.11.29','前盾（铆一班）：安装门框\r\n中盾（铆一班）：待加工\r\n尾盾（铆三班）：待加工','','','张天雄'),(1084,192,'2016.11.29','前盾（铆一班）：整体焊接\r\n中盾（铆四班）：整体焊接\r\n尾盾（铆六班）：打码板','','','张天雄'),(1085,193,'2016.11.29','前盾（铆四班）:报检后待焊接\r\n中盾（铆一班）：整体拼装，安装筋板\r\n尾盾（铆四班 ):壳体调校','','','张天雄'),(1086,194,'2016.11.29','前盾（铆六班）：筒体倒料\r\n中盾（铆六班）：壳体对接调校，焊接\r\n尾盾（铆六班）：壳体一壳体二对接调校','','','张天雄'),(1087,189,'2016.11.28','刀盘下料完成。支腿拼装。','','','方锦荣'),(1088,191,'2016.11.29','刀盘下料完成，支腿拼装。外环下料。','','','方锦荣'),(1089,185,'2016.12.03','前盾（铆一班）：报检后送砂厂\r\n中盾（铆一班）：加工\r\n尾盾（铆三班）：待加工','','','张天雄'),(1090,187,'2016.12.03','前盾（铆五班）：翻面焊接\r\n中盾（铆一班）：翻面焊接\r\n尾盾（铆三班）：壳体一壳体二对接焊接','','','张天雄'),(1091,192,'2016.11.03','前盾（铆一班）：整体焊接\r\n中盾（铆四班）：整体焊接\r\n尾盾（铆六班）：待注浆块回厂安装','','','张天雄'),(1092,193,'2016.12.03','前盾（铆四班）:完成拼装报检待焊接\r\n中盾（铆一班）：完成拼装，报检后开始焊接\r\n尾盾（铆四班 ):壳体对接焊接','','','张天雄'),(1093,193,'2016.12.05','前盾（铆四班）:整体焊接\r\n中盾（铆一班）：整体焊接\r\n尾盾（铆四班 ):壳体一壳体二对接焊接','','','张天雄'),(1094,192,'2016.11.05','前盾（铆一班）：待门框安装\r\n中盾（铆四班）：整体焊接，翻面焊接\r\n尾盾（铆六班）：待注浆块回厂安装','门框正在加工','','张天雄'),(1095,187,'2016.12.07','前盾（铆五班）：安装螺旋机座和人舱\r\n中盾（铆一班）：外观处理，完成焊接，翻面调校\r\n尾盾（铆三班）：待注浆块回厂安装','缺尾盾注浆块','','张天雄'),(1096,194,'2016.12.01','前盾（铆六班）：筒体对接\r\n中盾（铆六班）：整体拼装，安装筋板\r\n尾盾（铆六班）：筒体调校，外观处理','筒体缺吊装吊耳','','张天雄'),(1097,194,'2016.12.06','前盾（铆六班）：筒体法兰对接调校\r\n中盾（铆六班）：完成整体拼装，\r\n尾盾（铆六班）：筒体焊缝探伤报检，尺寸报检','筒体缺吊装吊耳','','张天雄'),(1098,192,'2016.12.07','前盾（铆一班）：待门框安装\r\n中盾（铆四班）：完成整体焊接，翻面尺寸调校\r\n尾盾（铆六班）：注浆块回厂，开始安装','','','张天雄'),(1099,193,'2016.12.07','前盾（铆四班）:整体焊接\r\n中盾（铆一班）：整体焊接，安装米子梁盖板\r\n尾盾（铆四班 ：筒体调校','','','张天雄'),(1100,195,'2016.12.9','前盾：缺壳体材料\r\n中盾：壳体卷板，切割直头\r\n尾盾：下料焊接吊耳，待卷板','','','张天雄'),(1101,192,'2016.12.09','前盾（铆一班）：待门框安装\r\n中盾（铆四班）：外观处理，尺寸调校\r\n尾盾（铆六班）：切割注浆块孔','','','张天雄'),(1102,193,'2016.12.09','前盾（铆四班）:整体焊接\r\n中盾（铆一班）：整体焊接，超前注浆块缺8块\r\n尾盾（铆四班 ：待注浆块回厂','','','张天雄'),(1103,194,'2016.12.09','前盾（铆六班）：调校、报检\r\n中盾（铆六班）：调校、报检\r\n尾盾（铆六班）：转加工','','','张天雄'),(1104,187,'2016.12.09','前盾（铆五班）：螺旋机座和人舱焊接\r\n中盾（铆一班）：尺寸调校\r\n尾盾（铆三班）：待注浆块回厂安装','螺旋机筒子耐磨板待排版下料','','张天雄'),(1105,168,'2016.12.07','铆四班：回厂二次装配\r\n铆四班：机加厂\r\n铆六班：加工注浆块','','','张天雄'),(1106,168,'2016.12.09','铆四班：机加工\r\n铆四班：二次装配完成焊接\r\n铆六班：加工注浆块','前盾还在加工','','张天雄'),(1107,200,'2016.12.9','中盾：铰接套切除，油缸座刨除完成，转机加\r\n尾盾：油缸座刨除完成，密封环刨除，','','','张天雄'),(1108,197,'2016.12.09','待料','','','张天雄'),(1109,196,'2016.12.09','待料','','','张天雄'),(1110,142,'2016.12.09','铆六尾盾：发货','','','张天雄'),(1111,191,'2016.12.06','尾盾（铆四班）：发货','','','张天雄');
/*!40000 ALTER TABLE `track_process_record` ENABLE KEYS */;
UNLOCK TABLES;

--
-- Table structure for table `track_product_record`
--

DROP TABLE IF EXISTS `track_product_record`;
/*!40101 SET @saved_cs_client     = @@character_set_client */;
/*!40101 SET character_set_client = utf8 */;
CREATE TABLE `track_product_record` (
  `id` int(11) NOT NULL AUTO_INCREMENT,
  `device_id` int(11) NOT NULL COMMENT '关联的设备',
  `name` char(128) NOT NULL DEFAULT '' COMMENT '名称',
  `specification` char(128) NOT NULL DEFAULT '' COMMENT '规格/型号',
  `amount` char(32) NOT NULL DEFAULT '' COMMENT '数量',
  `company` char(128) NOT NULL DEFAULT '' COMMENT '生产厂家',
  `contact` varchar(256) NOT NULL DEFAULT '' COMMENT '联系人及电话',
  `remark` varchar(1024) NOT NULL DEFAULT '' COMMENT '备注',
  PRIMARY KEY (`id`),
  KEY `idx_device_id` (`device_id`)
) ENGINE=InnoDB AUTO_INCREMENT=86 DEFAULT CHARSET=utf8mb4;
/*!40101 SET character_set_client = @saved_cs_client */;

--
-- Dumping data for table `track_product_record`
--

LOCK TABLES `track_product_record` WRITE;
/*!40000 ALTER TABLE `track_product_record` DISABLE KEYS */;
INSERT INTO `track_product_record` VALUES (13,8,'结构、电气制造','QD16/3.2-25.5-9','8台','河南矿起','乔西才  13782599866',''),(14,10,'结构、电气制造','','2套','河南矿起','乔西才\r\n13782599866',''),(15,13,'液压系统制造安装配合调试','教学机','1套','中铁工程设计研究院有限公司','王猛15717164872',''),(16,13,'电气系统制造安装调试','教学机','1套','中铁工程设计研究院有限公司','？',''),(17,13,'机械装配及配合调试','教学机','1套','中铁科工集团轨道交通装备有限公司','刘宇炫17786018226',''),(21,14,'','','','','',''),(22,14,'','','','','',''),(34,24,'搅拌主机','KTSA3000B','2','米科思','李海勇18615688159',''),(35,62,'','','','','',''),(36,24,'控制系统','BS1200A','2','博硕','石磊13356691994',''),(37,30,'搅拌主机','KTSA2000B','2','米科思','李海勇18615688159',''),(38,30,'控制系统','BCS7','2','博硕','石磊13356691994',''),(39,21,'搅拌主机','KTSA2000C','2','米科思','李海勇18615688159',''),(40,21,'控制系统','BCS7.B12','2','博硕','石磊13356691994',''),(41,20,'管片拼装机','','1','常熟神力机械','瞿凯13962318787','生产部外协'),(43,12,'前盾结构、中盾（中前中后）结构、尾盾结构、刀盘结构','','1套','铆焊厂','刘洋',''),(44,11,'结构制造、电气制造','','4套','河南矿起','',''),(45,22,'搅拌主机','KTSA2000C','2','米科思','李海勇18615688159',''),(46,22,'控制系统','BCS7.B12','2','博硕','黄强13335109139',''),(47,39,'1.主机\r\n2.系统\r\n3.配料机\r\n4.皮带机','1.3方机\r\n2.bs2000\r\n3.25方单称\r\n4.100X100','2台\r\n','1.山东济南\r\n2.山东济南\r\n3.新疆绿州\r\n4.新疆绿州','',''),(48,3,'搅拌站','240','1','青岛嘉泉','彭道全',''),(49,3,'搅拌站','240','1','青岛嘉泉','彭道全',''),(50,47,'搅拌站','HZS180','2','山东山建','高波',''),(51,25,'水泥仓制作\r\n','','','长沙九方','',''),(52,25,'主机','','','米克思','',''),(53,25,'系统','','','博硕','',''),(54,120,'整体结构制作','','1台','轨道公司铆焊厂','刘洋',''),(55,120,'整体涂装','','1台','','熊','（重工的涂装队伍）'),(56,120,'机械装配（厂内）','','1套','轨道公司总装厂','刘宇炫',''),(57,120,'整机电气、液压装配','','1套','中铁工程机械研究设计院有限公司','',''),(58,121,'结构制造\r\n机械装配\r\n液压电气装配\r\n结构防腐','','1套','轨道铆焊厂\r\n轨道总装厂\r\n中铁工程机械研究设计院有限公司\r\n重工涂装队伍\r\n','刘洋\r\n刘宇炫\r\n\r\n熊',''),(59,74,'结构制造\r\n机械装配\r\n电气制作','MG45','1台','轨道铆焊\r\n轨道总装\r\n轨道电气工程部','刘洋\r\n刘宇炫\r\n王宇',''),(60,121,'滑轮组','','','物资采购周明智的','施林林   周明智',''),(61,51,' 起重小车\r\n\r\n门吊电气制造','','1台','轨道公司总装厂组装\r\n\r\n轨道公司电气工程部','刘宇炫\r\n\r\n王宇','小车借用102#门吊'),(62,128,'刀盘','6430','2个','轨道公司','','用天地2个刀盘改造而成'),(64,76,'整机制造','','2台','河南矿起','','整机制造'),(65,78,'桁架结构改造','','1台','轨道铆焊厂','刘洋',''),(66,78,'小车、走行维修保养','','1套','轨道总装厂厂','刘宇炫',''),(68,38,'新型\r\n紫来\r\n建昌','','','','',''),(70,137,'结构\r\n电气\r\n液压\r\n机械','','盾体\r\n1套\r\n1套\r\n1套','铆焊厂\r\n亿腾机电\r\n亿腾机电\r\n总装厂','',''),(71,144,'电气\r\n液压\r\n机械\r\n调试','','1套','轨道总装厂负责\r\n轨道总装厂负责\r\n轨道总装厂负责\r\n轨道总装厂负责','连永昌\r\n郑美华\r\n于春明、廖炳忠\r\n',''),(72,145,'搅拌站','HZS90\r\nHZS60','2台\r\n1台','山东山建','高波:18653198957',''),(73,147,'搅拌站','HZS90','2台','仕高玛','',''),(74,169,'整机制造','MG80t/10t-36m-34m','2台','河南矿起','',''),(75,122,'结构制作\r\n\r\n电气制作\r\n\r\n机械装配','\r\n\r\n\r\n\r\n大车、小车','1套\r\n\r\n1套 \r\n\r\n1套','轨道结构厂\r\n\r\n轨道电气部\r\n\r\n轨道总装厂','','刘洋\r\n\r\n王宇\r\n\r\n刘宇炫'),(76,171,'整机制造安装','120T梁场门吊','1台','河南矿起','','整机外协'),(77,175,'整机制造','16t+16t双梁龙门吊机','1台','河南宏远','','整体外委'),(78,176,'整机制造','MH5t-16.5','1','河南宏远','','公司整体外协'),(79,154,'139#结构制作\r\n\r\n139#机械装配\r\n\r\n139#电气制造','整机','1套','轨道公司','',''),(80,164,'小车制造\r\n\r\n门架结构制造','50T','1\r\n\r\n1','轨道铆焊、总装\r\n\r\n江河起重','','自制\r\n\r\n外协'),(81,162,'结构制造\r\n\r\n液压制造\r\n\r\n电气制造','','2套\r\n\r\n2套\r\n\r\n2套','轨道结构厂\r\n\r\n科工机械院\r\n\r\n轨道电气部','',''),(82,177,'制造安装','80吨梁场门吊','4台','纽科伦（卫华）','',''),(83,182,'制造单位（外协）','','3','湖北神力','',''),(84,183,'制造单位','','2','河南宏远','','外协'),(85,184,'结构制作\r\n\r\n液压电气\r\n\r\n机械装配','','1','轨道铆焊厂\r\n\r\n科工机械院\r\n\r\n轨道总装厂','','');
/*!40000 ALTER TABLE `track_product_record` ENABLE KEYS */;
UNLOCK TABLES;

--
-- Table structure for table `track_service_record`
--

DROP TABLE IF EXISTS `track_service_record`;
/*!40101 SET @saved_cs_client     = @@character_set_client */;
/*!40101 SET character_set_client = utf8 */;
CREATE TABLE `track_service_record` (
  `id` int(11) NOT NULL AUTO_INCREMENT,
  `device_id` int(11) NOT NULL COMMENT '关联的设备',
  `report_time` char(64) NOT NULL DEFAULT '' COMMENT '报修时间',
  `issue` varchar(1024) NOT NULL DEFAULT '' COMMENT '问题描述',
  `owner` varchar(128) NOT NULL DEFAULT '' COMMENT '责任人',
  `fix_time` char(64) NOT NULL DEFAULT '' COMMENT '修复时间',
  `result` varchar(1024) NOT NULL DEFAULT '' COMMENT '判定结果',
  PRIMARY KEY (`id`),
  KEY `idx_device_id` (`device_id`)
) ENGINE=InnoDB AUTO_INCREMENT=39 DEFAULT CHARSET=utf8mb4;
/*!40101 SET character_set_client = @saved_cs_client */;

--
-- Dumping data for table `track_service_record`
--

LOCK TABLES `track_service_record` WRITE;
/*!40000 ALTER TABLE `track_service_record` DISABLE KEYS */;
INSERT INTO `track_service_record` VALUES (7,17,'16.5.18之前','粉仓除尘器更换滤芯','沈辉\r\n罗南祥','16.5.19',''),(8,62,'16-5-14','因台风把主楼外包装吹撒损坏，需要修复（天宇）','罗大强','',''),(9,62,'16-5-19','已多次与天宇陈总沟通，至今仍未派人修服。刚项目中心主任陈宜宝又打电话，现场如今又下大雨和台风，已严重引响现场生产，肯请我公司按排解决。','罗大强','',''),(10,17,'16.5.20','调整斜皮带跑偏，取主机减速机到工地，等待工地停止生产更换。','沈辉\r\n罗南祥','',''),(11,39,'2016.5.21','1.所有传感器换成美迪亚\r\n2.所有气缸换成山东夫驰\r\n3.所有的破拱电磁阀需更换\r\n4.粉仓除尘漏粉严重，需更换','余文华','','没按配置发货'),(12,82,'16.5.22','6号站斜皮带电机尾部漏齿轮油','罗南祥','',''),(14,30,'16.5.24','主机液压缸销轴脱落，粉煤灰称计量不准','罗南祥','16.5.24',''),(15,30,'16.5.24','主机液压缸销轴脱落，粉煤灰称计量不准','罗南祥','16.5.24',''),(16,121,'16-5-1','哈尔滨上海局180搬运机B侧泵站平台轨道厂里忘记没制作，这个平台距离地面6m多高，导致电气柜泵站无法安装，严重影响安装调试进度。车架的转向编码器圆盘全部装反，现场要全部重装，关键是现在很难拆。另外，四个车架主动轮分布要对称安装，厂里根本没有看图，导致现场要拆掉重新安装，另外，4个主动轮马达有两个带转速传感器，两个不带，这个也要分布在A和B两侧。','刘宇炫','','编码器底座、车架主动轮为总装厂安装问题。\r\n业主完成现场更改工作'),(17,82,'16.5.27','6号站主机轴端漏浆','罗南祥','','轴端密封损坏'),(18,25,'','','','',''),(19,25,'','','','',''),(20,17,'2016.5.22','斜皮带轴承生产中坏掉一个','沈辉','16.5.25',''),(21,17,'16.5.23','水套破掉两个','沈辉','16.5.26',''),(22,17,'16.5.27','骨料振动电机掉了两个','','16.5.31',''),(23,17,'16.6.3.','斜皮带割破两条3米长的口子','沈辉','116.6.10',''),(24,17,'16.6.5','水泥传感器坏掉一个','沈辉','16.6.8',''),(25,17,'16.6.8','骨料振动电机坏一个','沈辉','16.6.12',''),(26,17,'16.6.10','调斜皮带一天','沈辉','',''),(27,17,'16.6.12','装振动，调斜皮带','沈辉','',''),(28,17,'16.6.18','换主机减速机一台','沈辉','16.6.18',''),(29,17,'','','','',''),(30,17,'','','','',''),(31,17,'16.619','换另外一台减速机','沈辉','16.6.19',''),(32,17,'16.6.20','焊补两台拢料抖','沈辉','16.6.20',''),(33,17,'16.6.23','一号站调皮带一天','沈辉','',''),(34,17,'16.6.24','2号站调皮带，换油水分离器一个','沈辉','16.6.24',''),(35,17,'16.6.27','焊12跟螺旋支撑一天','沈辉','16.6.27',''),(36,17,'16.7.1','两个罐子有两个孔','沈辉','16.7.1',''),(37,17,'16.7.4','骨料汽缸坏掉一个','沈辉','16.7.6',''),(38,17,'16.7.7','换主机减速机一台','沈辉','16.7.7','');
/*!40000 ALTER TABLE `track_service_record` ENABLE KEYS */;
UNLOCK TABLES;

--
-- Table structure for table `track_setup_record`
--

DROP TABLE IF EXISTS `track_setup_record`;
/*!40101 SET @saved_cs_client     = @@character_set_client */;
/*!40101 SET character_set_client = utf8 */;
CREATE TABLE `track_setup_record` (
  `id` int(11) NOT NULL AUTO_INCREMENT,
  `device_id` int(11) NOT NULL COMMENT '关联的设备',
  `company` char(128) NOT NULL DEFAULT '' COMMENT '参与单位',
  `job_content` varchar(1024) NOT NULL DEFAULT '' COMMENT '工作内容',
  `locale_owner_contact` varchar(256) NOT NULL DEFAULT '' COMMENT '现场负责人及电话',
  `remark` varchar(1024) NOT NULL DEFAULT '' COMMENT '备注',
  PRIMARY KEY (`id`),
  KEY `idx_device_id` (`device_id`)
) ENGINE=InnoDB AUTO_INCREMENT=86 DEFAULT CHARSET=utf8mb4;
/*!40101 SET character_set_client = @saved_cs_client */;

--
-- Dumping data for table `track_setup_record`
--

LOCK TABLES `track_setup_record` WRITE;
/*!40000 ALTER TABLE `track_setup_record` DISABLE KEYS */;
INSERT INTO `track_setup_record` VALUES (2,3,'青岛 嘉泉','整机制造、安装、调试','彭13963921861',''),(4,3,'青岛 嘉泉','整机制造、安装、调试','彭13963921861',''),(8,8,'河南矿起','整机安装调试','13834042957.于东宁',''),(9,10,'河南矿起','整机安装、调试、取证','',''),(10,11,'河南矿起','告知办理、安装、调试、取证','',''),(19,19,'三和','整机安装、调试','秦邵迁\r\n',''),(32,32,'岳首\r\n米科思\r\n鑫天宇','整站安装调试\r\n主机\r\n水泥仓制造及安装','范工15020815191\r\n李海勇18615688159\r\n柯工13658688566',''),(33,24,'三和','整站安装及调试','杨15036540423',''),(34,24,'九方','水泥仓制造及安装','吴新乐13358048448',''),(35,30,'岳首','整站安装及调试','田15264891317',''),(36,30,'鑫天宇','水泥仓制造及安装','柯13658688566',''),(37,30,'米科思','主机','李海勇18615688159',''),(38,21,'三和','整机制造、安装、调试','王18639153384',''),(39,21,'紫来','水泥仓制造、安装','张13585392762',''),(41,22,'九方','整机制造、安装、调试','谭15773177993',''),(45,39,'1.新彊，绿州\r\n2.新天宇','1.搅拌机组\r\n2.粉仓','1.张工13899994045\r\n',''),(46,47,'山东山建','1、粉仓罐拌装\r\n2、搅拌站整站按装','',''),(48,82,'天宇','整站安装及调试','谢其峰137 9138 9899',''),(49,104,'天宇','整站安装及调试','谢其峰137 9138 9899','32#、33#为HZS90\r\n34#、35#为HZS120'),(56,47,'山东山建','1、粉仓罐拼装\r\n2、整站按装.调试。','高波18653198957',''),(63,25,'三和水工','主楼安装','',''),(64,25,'博硕','主机调试','',''),(65,47,'2016年5月22号\r\n','粉仓片仓到货1车\r\n山建高波到现场','',''),(66,47,'2016年5月23号','粉仓卸货1车','',''),(67,120,'','中铁工程机械研究设计院有限公司负责现场安装','',''),(68,121,'中铁工程机械研究设计院有限公司','现场安装','',''),(69,74,'兴安（101#）\r\n\r\n\r\n轨道电气工程部（101）\r\n','101#整机结构安装调试，配合电气安装\r\n\r\n电气安装调试（101）','万鹏（101#）\r\n\r\n\r\n夏风（101）',''),(70,51,'广西天盛科瑞机械设备有限公司','整机安装，取证，卸货等','窦建军',''),(71,78,'','业主自行涂装安装','',''),(73,26,'安装：郑州三和。水泥罐：长沙九方','','',''),(76,51,'轨道电气工程部','电气安装调试','夏峰',''),(77,46,'岳首','水泥仓\r\n主楼','',''),(78,46,'轨道公司电气工程部','电控','',''),(79,17,'岳手\r\n天宇\r\n米克丝','整机安装调试\r\n水泥罐制作安装\r\n主机','带队辞职\r\n柯工13658638566\r\n李海勇18615688159',''),(80,145,'山东山建','搅拌站按装，调试。','',''),(81,147,'山东山建公司','主机安装及调试','高波:18653198957',''),(82,122,'兴安机电\r\n\r\n轨道电气部','机械安装\r\n\r\n电气安装调试','万鹏','安装协调轨道杨占省'),(83,74,'兴安（102#）\r\n\r\n\r\n轨道电气工程部（102）','102#整机结构安装调试，配合电气安装\r\n\r\n电气安装调试（102）','万鹏（102#）',''),(84,171,'河南矿山\r\n\r\n轨道公司','整机安装调试\r\n\r\n协调安装调试','\r\n\r\n万慧祥','');
/*!40000 ALTER TABLE `track_setup_record` ENABLE KEYS */;
UNLOCK TABLES;

--
-- Table structure for table `track_user`
--

DROP TABLE IF EXISTS `track_user`;
/*!40101 SET @saved_cs_client     = @@character_set_client */;
/*!40101 SET character_set_client = utf8 */;
CREATE TABLE `track_user` (
  `id` int(11) NOT NULL AUTO_INCREMENT,
  `name` char(32) NOT NULL DEFAULT '' COMMENT '用户名',
  `passwd` char(32) NOT NULL DEFAULT '' COMMENT '密码',
  `role` char(16) DEFAULT NULL,
  PRIMARY KEY (`id`),
  KEY `idx_uname` (`name`)
) ENGINE=InnoDB AUTO_INCREMENT=32 DEFAULT CHARSET=utf8mb4;
/*!40101 SET character_set_client = @saved_cs_client */;

--
-- Dumping data for table `track_user`
--

LOCK TABLES `track_user` WRITE;
/*!40000 ALTER TABLE `track_user` DISABLE KEYS */;
INSERT INTO `track_user` VALUES (1,'admin','zdan1985@163.com','管理员'),(2,'swpplt','wan','录入员'),(8,'熊枭键','13006171560','录入员'),(9,'韦国桐','韦国桐','录入员'),(10,'刘宇炫','刘宇炫','录入员'),(11,'罗南祥','罗南祥','录入员'),(12,'余文华','余文华','录入员'),(13,'周刊','周刊','录入员'),(14,'严涛','严涛','录入员'),(15,'张运','张运','录入员'),(16,'田城钢','田城钢','录入员'),(17,'高汉凯','高汉凯','只读'),(18,'沈辉','沈辉','录入员'),(19,'王邦恒','13296607362','录入员'),(20,'连永昌','连永昌','录入员'),(21,'高山仰止','高山仰止','只读'),(22,'刘洋','18108638025','录入员'),(23,'魏志刚','13367288949','录入员'),(24,'李总','18086006333','录入员'),(25,'罗大强','13986294123','录入员'),(26,'陈彦林','18108638076','录入员'),(27,'李配芬','18086096498','录入员'),(29,'测试管理员','测试管理员','管理员'),(30,'张雷振','13647216556','录入员'),(31,'王鼎科','199304','录入员');
/*!40000 ALTER TABLE `track_user` ENABLE KEYS */;
UNLOCK TABLES;
/*!40103 SET TIME_ZONE=@OLD_TIME_ZONE */;

/*!40101 SET SQL_MODE=@OLD_SQL_MODE */;
/*!40014 SET FOREIGN_KEY_CHECKS=@OLD_FOREIGN_KEY_CHECKS */;
/*!40014 SET UNIQUE_CHECKS=@OLD_UNIQUE_CHECKS */;
/*!40101 SET CHARACTER_SET_CLIENT=@OLD_CHARACTER_SET_CLIENT */;
/*!40101 SET CHARACTER_SET_RESULTS=@OLD_CHARACTER_SET_RESULTS */;
/*!40101 SET COLLATION_CONNECTION=@OLD_COLLATION_CONNECTION */;
/*!40111 SET SQL_NOTES=@OLD_SQL_NOTES */;

-- Dump completed on 2016-12-12  1:00:01
